country,date,confirmed_cases,deaths,recoveries,total_confirmed,total_deaths,total_recoveries
Indonesia,2022-09-20,901,491,220,3284,1336,3461
Italy,2020-06-21,689,509,216,2758,2009,299
Norway,2020-02-08,55,45,5,1218,248,2347
Spain,2021-03-03,766,714,749,6973,3943,1697
Malaysia,2021-01-15,119,110,4,5469,3629,1590
India,2020-12-12,294,252,120,1728,2858,3764
China,2020-08-04,605,228,594,6355,4392,700
Malaysia,2020-06-08,225,122,108,9156,3562,900
Italy,2022-11-17,952,6,769,3519,4750,2052
Malaysia,2022-04-27,144,30,6,5165,3802,2265
Italyyy,2020-05-15,58,29,37,8142,334,4018
USA,2022-07-06,947,827,594,3733,1348,1429
Italy,2021-10-17,770,268,360,2232,2663,2553
Norway,2020-02-19,467,306,26,4763,2718,1944
Italyyy,2020-02-16,712,12,537,4367,257,3836
Italyyy,2020-05-25,759,320,104,5558,4006,2521
Brazil,2020-12-05,511,264,268,4049,2757,1012
Malaysia,2020-12-27,455,189,184,9003,2854,1149
USA,2022-02-24,583,105,436,6434,2879,3429
Indonesia,2022-07-24,41,10,17,8369,1311,2324
Norway,2020-02-11,433,101,39,3949,4272,752
Italyyy,2022-05-21,660,383,644,902,2359,4261
China,2020-11-04,292,197,225,10259,2408,502
India,2022-10-06,53,40,15,5691,3049,41
China,2022-12-25,579,395,126,10297,4455,2652
India,2022-04-26,582,511,400,9757,2700,1258
India,2021-10-13,218,49,203,10191,3596,3603
Brazil,2020-12-08,499,364,147,5326,446,3278
USAA,2021-11-28,998,638,364,5743,2691,3450
Norwaay,2022-07-04,572,237,197,8168,3262,3205
Brazil,2021-03-08,107,65,54,10075,4047,2063
USAA,2020-01-11,827,303,109,10001,2426,449
USA,2020-09-05,695,144,473,8685,3294,3991
Italyyy,2022-12-20,426,349,157,4788,4756,4211
India,2021-10-18,292,177,45,2257,2264,5030
Brazil,2021-06-12,878,18,316,4372,1336,4119
China,2021-03-07,345,304,280,4343,3054,4617
Indonesia,2020-08-29,671,636,592,9579,5069,1128
Brazil,2020-11-30,209,118,154,2594,4988,1947
USAA,2021-06-06,617,348,311,3900,2863,4966
Spain,2020-06-07,590,133,63,2504,353,2916
Malaysia,2020-05-24,254,58,4,6256,1827,2653
Norway,2021-08-13,827,385,438,6686,3683,3230
Brazil,2020-05-30,165,125,137,7376,1204,4191
Malaysia,2021-07-11,301,81,8,3734,282,4922
Indonesia,2021-06-18,219,20,179,9060,144,3297
India,2022-07-26,215,200,179,5758,4661,5019
Norwaay,2021-02-14,393,311,100,1399,1880,4650
Spain,2020-03-08,473,442,418,8922,4090,2858
Italyyy,2021-12-14,764,436,211,3931,5290,2621
India,2022-04-13,747,164,535,2343,614,4845
Spain,2020-07-12,484,231,363,2553,5121,1203
Indonesia,2021-08-11,636,114,512,4618,3003,2421
Indonesia,2020-05-02,765,72,567,6779,287,2484
Italy,2022-05-07,89,36,0,8218,4938,4685
USA,2021-03-31,40,28,22,9536,3134,1325
USAA,2022-09-03,964,815,552,3553,3560,1838
Norwaay,2022-08-18,400,305,348,7821,2651,1366
Norway,2021-07-15,156,103,123,2722,700,308
Italy,2022-06-15,573,136,320,3685,1977,1065
Italyyy,2020-10-25,808,700,351,6506,1046,701
Italyyy,2022-12-30,271,40,4,2917,3754,2564
Malaysia,2020-04-18,211,165,91,3144,1839,4773
USA,2020-03-12,963,171,872,9491,810,3874
Norwaay,2022-10-24,265,137,77,6991,2029,795
Norway,2020-12-20,204,201,58,9956,1314,4042
Brazil,2021-03-25,658,330,550,4605,1887,4348
USAA,2020-05-03,759,274,10,2055,1497,1391
USAA,2020-12-27,75,11,20,5669,4972,116
Spain,2020-06-05,685,260,551,782,5056,1894
Italyyy,2021-08-13,126,109,16,4220,3547,1399
Norwaay,2021-03-07,81,-4,48,2616,232,977
USAA,2021-12-05,561,234,553,5135,274,948
Malaysia,2022-09-14,609,194,365,8884,1796,472
USAA,2021-07-20,615,465,589,9846,2844,5544
USA,2020-09-09,607,320,69,5602,2557,219
Norway,2021-07-29,398,117,148,3652,2701,1831
Malaysia,2021-07-05,234,109,177,3641,3090,2647
Malaysia,2020-11-21,529,511,197,1232,1213,3845
India,2022-11-07,280,16,268,5247,2056,2669
China,2021-02-18,161,-3,129,537,1716,766
Norway,2022-12-26,894,291,368,9924,4659,2501
USA,2022-11-27,148,89,34,4562,120,55
Italy,2022-10-03,98,39,49,6398,276,3091
China,2020-04-20,951,138,254,7265,207,1020
India,2022-08-04,295,183,102,6136,859,2990
Italy,2022-09-13,375,177,24,3085,4907,4780
USA,2020-09-22,692,215,134,8605,3545,896
Malaysia,2022-04-09,569,270,213,3797,4435,1216
Norwaay,2021-01-15,287,120,196,4158,1271,3224
Italy,2020-09-10,782,413,198,8588,2949,5057
Brazil,2021-12-19,799,774,47,8840,2418,2317
Norway,2021-08-12,409,37,127,7141,2766,2043
Italy,2021-02-23,975,141,947,9287,2559,1020
China,2022-09-21,744,105,382,5549,259,905
India,2022-12-05,647,453,422,1242,1651,3808
Spain,2022-05-15,14,0,-3,6228,3759,114
USA,2020-12-07,872,546,629,5642,3722,1534
USAA,2022-11-29,175,95,130,1790,4757,4111
Brazil,2021-05-18,308,18,58,8610,334,3320
Brazil,2020-03-27,977,369,599,4229,4073,4478
Spain,2020-12-21,190,49,133,2729,4474,1031
Brazil,2020-02-19,146,85,140,3071,3402,3839
Italy,2021-05-05,169,28,15,9469,3229,697
USA,2021-09-15,276,235,267,3862,3022,1399
Malaysia,2021-02-19,759,685,401,10469,5112,1849
Brazil,2020-04-12,767,110,212,7466,2008,4187
Brazil,2020-11-23,712,115,26,1955,926,3456
USAA,2022-05-31,21,11,12,4819,371,2635
Malaysia,2021-05-03,445,134,42,6734,4700,4056
USAA,2020-11-26,618,519,195,8026,610,4507
Norwaay,2022-10-15,418,87,113,8868,4067,962
India,2022-02-14,374,373,8,2358,2727,4429
Indonesia,2021-09-06,541,199,98,9677,3658,2360
Spain,2022-09-25,388,25,35,7753,2669,3157
Norwaay,2021-12-13,756,381,402,6501,1102,1365
Spain,2020-08-09,517,475,19,7466,569,3713
USAA,2021-02-15,483,359,4,2572,1800,1494
USAA,2020-08-04,624,525,307,1026,1083,1203
USAA,2021-01-18,325,81,81,2955,3387,4523
Italyyy,2022-05-22,222,99,15,4120,1958,4000
Spain,2022-04-17,956,796,332,5625,1343,4624
Spain,2021-02-12,866,540,117,8787,4274,2819
Norway,2022-06-27,203,38,15,8688,2829,3478
Italyyy,2021-10-27,683,408,660,1322,3724,3639
Spain,2022-06-25,646,250,284,2833,1611,294
USA,2021-09-12,770,300,724,8270,2728,3675
Italyyy,2021-07-16,197,141,145,7638,1668,5046
Norwaay,2020-12-06,826,319,438,2654,2760,3968
China,2020-08-02,134,22,63,261,3769,3553
Spain,2022-03-02,426,255,423,6593,5080,2439
China,2022-02-05,542,35,489,3810,4124,2171
Norwaay,2020-05-21,247,206,175,4811,3063,3328
Norway,2020-03-14,407,1,35,4311,1834,3460
Indonesia,2020-06-19,499,401,344,1463,3661,2713
China,2020-08-25,193,169,103,1293,409,2237
Norwaay,2022-09-01,50,19,8,5076,2478,3692
Norway,2020-09-05,974,505,75,8813,933,822
India,2022-11-23,186,-1,166,4707,288,3778
India,2021-10-17,744,79,104,4732,3952,1421
Italyyy,2022-07-15,147,97,22,4169,4115,3142
Italyyy,2020-04-08,463,430,432,4640,1278,4441
Spain,2021-08-20,185,96,73,672,2810,441
USAA,2021-08-15,327,257,295,3114,5020,2268
Norway,2022-07-14,811,794,317,6437,1171,2446
Norway,2021-12-28,374,35,133,519,3409,4348
Norwaay,2022-04-01,50,28,44,1664,2534,4785
USAA,2021-01-25,591,433,489,4485,5014,2516
Norway,2022-05-09,256,40,184,2059,2656,4016
USA,2020-01-18,194,80,104,998,322,2671
Malaysia,2022-11-22,782,430,424,3383,1632,3818
Italy,2020-06-26,196,144,109,2131,5088,4911
Spain,2022-11-25,596,318,226,9718,667,2630
Italy,2022-04-14,236,172,79,526,617,2671
USA,2021-02-18,616,53,176,9607,2568,2567
India,2022-09-22,126,91,92,842,239,5027
Spain,2021-06-12,777,684,684,4535,4652,4462
India,2020-06-22,829,90,241,2239,4137,4591
China,2021-03-31,405,365,218,9399,1311,4604
Norway,2021-11-06,317,256,302,5184,1815,3128
Norway,2020-09-02,154,13,105,4503,1359,1018
Spain,2021-12-05,455,167,275,7193,4188,3083
Spain,2020-01-06,837,338,351,5010,3776,377
Brazil,2021-02-13,841,565,43,2025,3176,4230
China,2022-02-16,223,36,114,5568,3123,4511
India,2020-10-04,949,938,59,7565,3508,3311
USA,2022-02-27,423,3,318,10044,1133,5074
Indonesia,2020-06-14,43,41,15,6705,1125,1312
Indonesia,2022-08-29,452,294,371,4683,2523,1589
Italyyy,2021-04-08,709,370,284,6066,2118,728
Norway,2022-09-19,861,320,648,7989,4997,2481
USAA,2022-02-27,382,323,263,4583,4968,3145
Italyyy,2022-08-04,202,197,177,9553,5051,3710
Norway,2020-11-04,376,258,228,8956,4049,321
Brazil,2020-08-25,411,263,329,709,4595,2213
USA,2021-08-03,80,59,6,9028,4807,1807
India,2020-09-07,999,233,853,5520,4895,2162
Indonesia,2022-04-17,864,51,848,4718,2696,5770
Norwaay,2022-04-03,483,95,94,3862,3156,545
China,2020-01-01,10,3,5,4171,1217,3461
Italy,2022-07-19,456,-5,187,6931,2401,3308
Italy,2021-05-18,843,724,121,5118,983,4957
Italyyy,2022-01-29,671,67,10,1321,3423,3896
Italyyy,2020-01-31,992,311,854,1585,5224,4209
Spain,2020-06-22,382,268,16,8490,2657,4661
Indonesia,2021-07-17,409,238,242,8839,2580,3508
Italyyy,2021-04-22,544,120,108,4318,4801,2146
China,2021-01-06,304,17,8,5837,453,1145
USAA,2020-03-30,764,745,291,6817,807,969
Italyyy,2021-01-09,954,586,364,5960,1647,2309
USAA,2022-05-31,210,187,161,10185,2798,841
Malaysia,2020-05-02,88,3,50,872,3110,4476
China,2020-05-13,709,348,586,6395,4635,2645
Malaysia,2022-01-24,317,-4,265,2652,3179,4377
Italyyy,2020-04-17,408,345,288,1374,4711,549
India,2022-04-07,507,409,497,6487,2662,765
Indonesia,2020-07-14,719,98,427,3953,1857,4088
China,2020-07-18,61,51,13,6131,366,2405
Italy,2022-10-21,980,890,493,8873,3585,966
Norwaay,2022-01-08,643,490,161,3717,2096,949
Italyyy,2022-05-04,884,324,315,4747,5008,2340
India,2020-09-13,305,-1,296,9534,864,2713
Italyyy,2021-02-15,620,506,561,9064,1178,4671
China,2022-03-30,215,40,40,6646,2118,3339
India,2022-07-31,311,38,222,2317,1257,2364
Spain,2021-10-19,962,577,729,10397,4829,1981
Norway,2020-11-25,541,474,178,10262,3749,3565
Spain,2022-04-17,165,144,37,280,4553,4331
Indonesia,2022-12-07,520,64,200,1593,2829,3071
Spain,2020-11-08,805,387,195,1109,5196,3096
Indonesia,2021-04-29,11,9,-1,8209,165,1628
Norwaay,2021-09-11,401,54,0,829,3125,4481
Italy,2022-11-09,662,307,465,6248,1240,4106
Spain,2022-10-06,113,96,105,3407,4922,4231
China,2021-08-03,687,425,25,8055,3195,4493
Italy,2021-11-11,596,295,27,7774,771,3200
USA,2022-03-15,508,447,106,8837,1914,2422
USAA,2021-12-02,294,104,176,2250,275,4627
India,2020-07-06,588,537,13,10271,3897,4613
Norwaay,2021-01-20,829,443,169,5281,4565,3874
Norway,2020-12-15,817,572,552,4251,5063,2287
Indonesia,2020-04-09,423,323,205,3855,1500,3727
Spain,2021-06-09,580,443,236,6041,1586,4880
USA,2020-02-02,388,299,144,6174,474,2382
Norway,2022-07-02,142,122,63,841,1293,1879
USA,2022-05-10,68,61,68,250,1873,3482
USA,2020-12-23,790,743,580,9776,3884,1523
Spain,2022-07-03,47,10,13,2794,1208,2158
USA,2020-12-08,865,747,440,2718,5469,4640
USAA,2020-01-12,466,268,34,5365,3566,3669
USAA,2020-04-20,974,603,542,10854,4568,1709
Spain,2022-09-07,890,528,608,10511,3565,2635
Norway,2020-04-01,411,241,66,8211,861,4850
Italyyy,2020-12-21,129,75,67,6005,3121,3287
Spain,2020-04-14,669,322,18,9657,1032,1553
Italyyy,2020-02-18,723,621,506,9718,1160,4766
USA,2021-05-28,776,303,92,4717,2078,4988
Norway,2020-04-20,665,220,652,9366,1345,2434
India,2022-03-09,193,12,47,6879,3448,3697
Italy,2021-01-04,799,762,238,2051,5388,1587
USAA,2021-03-08,144,132,87,2236,714,4931
Italyyy,2022-11-05,893,570,878,8212,2215,5525
Malaysia,2022-01-24,862,673,17,5862,684,3807
China,2020-11-28,873,551,351,2356,4156,4738
China,2022-04-17,996,579,883,8506,2676,1352
India,2020-07-24,407,337,351,6446,3638,4894
USA,2022-06-06,311,22,188,5141,3429,3438
USAA,2022-06-14,450,333,388,6786,2512,566
India,2022-01-04,972,385,196,5427,3723,3517
Norwaay,2021-01-12,654,43,93,1656,82,4733
India,2022-01-04,62,30,12,8105,437,677
China,2021-09-24,565,252,342,5800,2113,3851
Brazil,2020-10-22,695,196,284,6665,1025,3162
Italyyy,2020-05-26,859,413,11,4809,3330,1010
Malaysia,2020-05-30,648,643,75,4809,725,197
Brazil,2022-10-20,453,148,436,1470,1094,2150
USAA,2021-10-31,63,15,48,6534,2584,4926
Italy,2021-07-04,174,109,133,9926,3247,4690
Spain,2021-10-20,516,478,503,6971,1947,2460
Italy,2021-09-30,541,247,538,6762,889,2423
China,2021-12-26,557,300,344,7909,3452,3913
Brazil,2020-03-25,773,152,357,1943,627,3772
Malaysia,2022-11-12,518,241,444,7032,451,5101
USA,2022-10-12,811,30,86,8167,472,3902
USA,2022-09-30,831,654,289,9327,4193,1940
Italy,2020-06-01,492,193,68,5582,1524,2541
Norway,2020-04-04,372,-3,298,9199,2187,4496
India,2021-09-17,268,231,212,2177,2598,268
Norwaay,2021-06-11,631,551,165,2773,2304,1879
Italyyy,2020-06-18,97,70,30,3328,1013,2821
Spain,2021-01-21,86,13,0,4089,2851,1758
USA,2020-10-24,734,651,707,5662,739,1747
Brazil,2020-10-22,943,524,744,7086,3379,3059
Spain,2022-04-13,677,54,35,5725,3395,3196
Italy,2021-11-27,8,6,7,930,4466,2404
Norwaay,2020-08-05,325,115,146,5076,3093,432
Norwaay,2021-10-17,735,485,684,10703,4702,3469
Italyyy,2020-10-12,569,150,504,6800,2758,1280
Indonesia,2021-03-08,828,611,218,5926,4653,4566
Indonesia,2021-12-19,155,78,99,7788,3649,3807
Norwaay,2021-01-23,418,374,174,3344,2370,2470
China,2020-04-27,1000,428,707,7800,3915,2739
Italyyy,2021-11-19,990,414,482,2889,567,562
USAA,2022-05-04,782,609,547,4637,2729,3241
China,2020-06-01,525,260,516,8645,410,2511
Spain,2020-03-19,849,832,207,7226,3720,2663
Indonesia,2022-10-10,672,662,144,7514,1690,3574
Italyyy,2022-04-19,774,282,129,5395,2199,877
Norway,2020-01-23,535,240,366,3317,3097,914
Norwaay,2020-05-24,362,15,70,7769,1641,1351
Italy,2021-01-02,329,274,273,4063,4728,1793
Italyyy,2020-09-15,833,689,64,8804,3721,2212
China,2021-09-23,768,576,411,4154,883,926
India,2022-01-24,63,31,21,3906,394,2389
Malaysia,2022-01-17,484,77,203,4768,1793,4979
Malaysia,2020-11-28,281,134,262,405,3851,541
Brazil,2021-09-14,157,154,32,9889,1931,1557
Italy,2020-04-01,770,456,485,4850,2376,3770
USA,2020-09-12,84,48,52,2294,1079,1059
Brazil,2021-08-11,599,547,18,7033,1665,3400
Brazil,2020-01-04,460,16,416,5159,1739,4376
Malaysia,2021-08-29,501,25,59,5446,3985,2966
China,2021-02-15,81,70,-2,4488,179,4886
Norway,2021-12-07,876,408,165,7163,1323,3206
Spain,2021-03-19,532,204,316,10327,3662,3411
Brazil,2021-10-19,770,254,241,7558,4305,4624
Norway,2022-12-18,76,55,30,6234,4084,1169
Malaysia,2022-05-13,827,729,808,3320,915,4062
USA,2022-10-25,782,396,340,7752,1074,2822
Norway,2022-01-26,820,614,592,2081,2040,2840
Indonesia,2020-08-28,905,621,708,10594,3520,4446
Italyyy,2020-10-21,275,20,139,3950,70,4157
Norwaay,2021-04-05,551,468,419,5776,814,5378
Italy,2020-12-04,243,113,21,1658,1890,3875
Italyyy,2020-03-31,897,618,833,2670,3558,2055
Brazil,2022-06-18,49,24,-1,6818,4305,3356
Italyyy,2022-04-22,667,385,559,5294,2972,1485
Norway,2020-04-04,468,370,364,7295,4163,4391
Spain,2021-05-02,459,448,260,9819,2021,2850
Norwaay,2020-03-29,726,677,90,2491,2368,1649
China,2020-03-18,796,42,136,1116,4454,1130
Brazil,2022-06-26,291,198,125,6360,569,1217
Malaysia,2022-01-10,33,9,28,8690,1978,4680
China,2022-02-20,268,255,68,4619,4821,1539
USAA,2022-04-05,506,-5,337,5117,4761,873
Spain,2020-09-01,729,109,510,10031,2690,2438
Malaysia,2020-03-29,503,428,-3,4316,888,4075
USAA,2022-02-27,147,79,22,5157,2210,1862
USAA,2020-05-04,441,206,437,4892,355,4502
Brazil,2020-10-15,735,394,14,1356,1601,930
USA,2020-04-16,22,4,5,181,4129,229
Spain,2022-07-13,294,56,181,1730,1486,1799
Italyyy,2020-04-15,933,126,48,9606,4854,2041
Malaysia,2022-11-14,992,491,810,6135,4125,2019
China,2020-12-31,193,142,79,6486,2033,4983
India,2021-09-19,975,557,111,4544,4693,3388
India,2020-07-05,323,209,8,9881,4127,298
China,2022-06-03,246,244,213,5119,3664,3863
USAA,2021-01-17,858,821,17,8149,4840,1692
Indonesia,2022-06-18,427,235,-3,6118,2057,1764
Norwaay,2022-07-12,166,105,14,6676,3334,3215
Spain,2020-03-02,872,730,642,10180,4334,2311
Malaysia,2022-08-20,301,109,140,6944,3529,3428
Norwaay,2020-05-07,62,0,47,5417,2781,485
Malaysia,2021-10-13,827,191,122,7945,1635,4033
USAA,2022-10-18,882,681,368,2483,1399,1617
Norwaay,2022-06-25,110,90,106,9093,3259,3287
Italy,2022-05-28,460,455,450,2988,3967,743
Italy,2022-03-23,836,259,648,7607,2787,2570
Brazil,2021-05-06,903,635,51,10698,3398,1724
Norwaay,2021-02-09,742,11,675,5319,121,4011
Spain,2020-11-13,729,461,394,3332,3446,1301
Malaysia,2022-11-06,356,198,225,1680,2449,4305
USAA,2021-05-03,572,332,386,8989,2490,2099
Italyyy,2021-01-05,876,466,863,8845,734,1478
Malaysia,2021-02-16,935,704,783,5151,2462,3456
Brazil,2021-09-06,288,79,245,8191,2330,1968
Norway,2020-07-22,401,19,357,5103,3990,4955
India,2022-11-09,698,471,390,9987,5415,4500
China,2022-09-29,468,253,400,6975,3449,5213
Indonesia,2021-04-11,429,289,109,4235,4084,972
Spain,2021-12-11,888,24,766,7310,3980,2899
USAA,2021-05-06,904,193,410,5027,4641,618
Malaysia,2020-04-22,233,185,103,3326,1234,3210
Norwaay,2020-01-15,537,209,225,2855,4565,4411
Norwaay,2021-12-12,344,232,266,8834,1444,3541
Norway,2022-08-22,881,175,660,1829,4292,786
Italy,2022-05-24,234,59,95,10139,2232,1385
USAA,2020-06-04,372,290,70,2194,4306,2164
Brazil,2020-04-23,132,125,70,1235,5109,3505
China,2022-04-15,362,69,6,10102,3569,3219
Brazil,2020-11-27,432,155,230,8466,5080,4439
Brazil,2022-02-24,931,656,562,10046,4087,4444
Norway,2021-02-15,130,79,71,2987,1089,421
India,2020-07-24,413,312,387,5417,4546,2558
Italy,2021-06-26,231,216,13,8980,1097,4001
USAA,2020-04-16,431,304,279,7752,721,473
Norway,2021-01-14,694,154,257,4392,4446,3002
China,2021-07-28,967,85,252,9574,178,2860
Italy,2021-03-18,253,68,154,8474,1069,1149
Malaysia,2020-09-02,550,196,337,5906,3712,2874
Indonesia,2021-11-11,564,278,134,5483,1633,2656
Norwaay,2022-04-23,989,890,348,10447,2902,4781
Italy,2022-12-28,1000,717,459,10148,5567,2477
Spain,2021-04-14,156,57,62,3727,1629,4211
Spain,2022-08-08,297,53,127,578,4888,4631
China,2022-10-12,959,773,190,2574,5049,4914
Norway,2022-04-01,716,499,515,2904,1443,1588
USAA,2020-01-13,355,187,156,1762,354,3135
Italyyy,2022-11-03,241,117,129,1915,1604,2876
China,2022-05-11,590,211,184,6314,5093,3316
Italy,2021-04-10,166,87,91,2187,4228,3325
Italyyy,2022-10-27,664,261,380,8426,2556,5254
Italyyy,2020-06-09,221,45,0,1875,3655,2444
Brazil,2020-07-27,514,25,81,1965,4340,761
USA,2021-02-14,718,639,68,9748,4956,3521
Indonesia,2020-06-28,448,23,380,3524,4216,5132
Norway,2020-06-15,264,16,120,2331,2590,3140
Italyyy,2022-05-09,231,11,217,9007,2371,448
India,2020-08-29,694,266,418,6953,4287,1307
India,2021-02-27,954,939,422,10605,2928,4103
Brazil,2021-03-13,939,330,828,9422,3662,1542
USA,2022-07-28,228,-4,216,9306,488,2025
USA,2020-11-23,218,126,50,9290,2792,5008
Italyyy,2021-06-16,860,57,484,10054,2443,1386
USAA,2020-11-12,218,-2,49,3680,3456,4082
Norway,2022-12-03,643,491,95,4944,3201,4657
USA,2022-09-12,561,292,110,5557,5269,1409
Spain,2021-02-14,600,164,34,1229,4867,4019
Malaysia,2022-02-24,813,776,555,6031,2809,2804
Spain,2022-01-28,842,109,795,9851,4616,2892
Norwaay,2021-01-25,232,50,36,5532,2453,940
Italyyy,2020-03-19,630,549,414,6440,3050,1708
Norwaay,2020-05-23,823,250,559,2708,292,5431
Norwaay,2022-09-12,481,248,377,8338,1297,1997
Malaysia,2021-10-20,451,223,431,1426,5192,4385
Indonesia,2021-03-05,55,28,48,3279,3887,3298
USA,2020-03-09,204,149,161,4563,2442,3785
Norwaay,2020-01-06,553,39,553,5339,2614,4727
Brazil,2021-06-02,940,260,250,6616,3642,1261
USA,2020-07-22,665,482,469,3277,780,5386
USAA,2022-09-16,967,476,63,8860,1119,249
Italy,2021-02-10,508,460,253,10199,2604,3894
Italyyy,2020-09-08,788,616,146,6596,5451,4890
India,2021-11-17,869,358,498,5571,2647,1585
India,2022-05-07,659,491,431,910,3139,1405
Norwaay,2021-10-26,883,183,834,8854,4969,4859
Malaysia,2022-05-21,283,49,72,5305,2325,2991
Brazil,2020-01-16,710,528,455,2290,1742,4212
China,2020-06-22,842,424,315,5721,4140,1930
India,2020-04-26,634,594,620,6760,5450,5346
India,2022-12-09,20,-1,6,1696,3294,2175
Norwaay,2020-08-19,54,42,-3,2427,2116,790
USAA,2022-04-27,327,219,218,1491,1372,3440
Italyyy,2020-02-25,511,140,86,4731,3063,1221
Italyyy,2021-07-27,35,27,11,149,1579,2108
Norway,2022-06-23,281,108,213,5935,2935,2511
Malaysia,2022-05-08,474,97,74,9481,2896,3247
Norway,2020-08-18,140,17,103,7268,4659,1591
Spain,2021-10-29,372,90,5,4708,3996,3462
Spain,2020-07-16,358,331,4,6725,2429,1601
Norwaay,2020-03-05,25,9,6,8577,1323,4561
India,2021-04-23,63,34,36,3541,2479,1388
Italy,2021-07-20,887,516,182,10065,1655,3935
Italyyy,2020-03-02,949,657,403,7099,4319,4090
Indonesia,2021-07-09,838,218,398,5996,2873,4403
Norway,2020-11-22,55,25,4,8439,4574,1116
China,2022-11-25,520,175,339,9564,4770,4621
Malaysia,2021-01-22,684,87,71,5204,4643,1446
India,2022-11-02,75,9,51,2343,4533,1115
Italy,2020-06-08,532,87,386,2036,655,1574
Malaysia,2021-07-03,754,408,185,3581,4450,2532
Italyyy,2022-05-19,685,159,520,1010,3977,1026
Italyyy,2021-09-23,479,28,132,8071,2107,1542
USA,2022-08-22,272,254,189,9477,3391,4762
Italyyy,2020-08-28,187,77,27,8226,4961,3335
USAA,2021-01-02,764,160,519,897,4366,3997
China,2020-09-09,641,391,130,5197,950,641
Italy,2020-10-02,23,-5,13,2879,4910,1495
Spain,2021-10-02,711,181,121,5297,4968,696
Malaysia,2020-02-08,524,385,137,6433,1188,2944
USA,2020-10-05,312,29,23,8541,3409,3857
Italyyy,2021-05-31,394,55,368,765,1090,2787
Indonesia,2021-10-01,173,130,172,1307,2908,3884
USAA,2022-11-06,180,50,145,6475,3912,5034
Norway,2021-01-20,144,21,60,9944,346,4486
Italy,2021-02-18,83,28,29,2316,2482,1104
Spain,2020-09-04,776,264,179,1861,3963,938
USA,2022-12-25,635,435,5,7676,439,3810
Italy,2020-06-16,867,63,93,1520,4760,1512
China,2021-08-17,412,121,346,3693,1384,1551
Brazil,2020-03-01,736,98,232,2187,3567,2593
Malaysia,2022-01-01,516,-4,408,3312,4249,2677
China,2020-12-11,40,18,7,2265,4146,4320
Malaysia,2020-11-06,937,757,822,2253,1106,1863
China,2021-12-16,615,535,351,8107,1781,4197
Norway,2021-06-27,724,645,703,6993,4697,4392
USAA,2021-04-19,233,77,87,4427,626,4254
USA,2020-12-19,330,109,321,1779,1434,361
Indonesia,2020-12-12,502,427,-2,9881,2770,2309
Norway,2020-02-06,837,165,532,4044,2807,1370
Italyyy,2022-10-22,51,37,4,4665,1999,3677
Italyyy,2020-10-27,632,624,584,6777,853,2123
Norway,2021-09-10,875,320,244,5345,1314,3539
India,2021-05-24,89,82,17,4745,1957,4742
Italy,2021-03-08,624,180,571,8997,718,2646
Malaysia,2020-04-17,13,2,7,367,4513,2418
Spain,2021-03-09,185,13,51,3500,4370,2187
Italy,2021-06-29,955,124,580,9580,269,4697
USA,2022-09-23,69,17,22,6805,2285,1258
Indonesia,2022-03-02,411,122,33,1136,5077,661
Norway,2021-09-12,332,77,287,1967,2873,886
Norwaay,2022-11-21,93,24,82,6845,4114,2506
USA,2022-04-12,981,594,294,6861,3526,523
Italy,2021-05-29,427,169,166,7447,4014,2255
China,2020-02-12,578,34,344,1353,631,995
Italyyy,2020-06-28,431,186,346,3563,1931,3485
Indonesia,2021-02-09,779,231,21,3305,2248,1538
India,2020-10-04,958,151,188,8571,3598,3234
India,2022-06-20,490,298,378,8809,2602,3860
Malaysia,2021-02-16,115,16,7,7563,4469,2044
Brazil,2020-02-29,765,1,662,9956,208,1175
India,2020-06-17,822,458,35,8262,1689,1309
China,2022-07-15,744,347,119,6230,1989,1939
Italyyy,2021-11-06,515,250,449,4395,4817,2630
Spain,2021-06-21,701,285,150,8140,3019,5090
Spain,2021-05-02,483,343,233,10401,2234,3132
Italy,2021-11-08,834,461,350,4788,2513,5211
India,2022-07-30,66,9,43,10051,4795,3153
Norway,2022-03-05,488,80,106,8262,3508,2920
Malaysia,2020-06-28,883,869,232,7151,5641,2535
Italyyy,2021-08-21,401,20,36,2705,367,3901
USAA,2022-06-14,839,805,486,6191,3267,4485
India,2020-10-22,346,8,93,799,3125,2698
China,2021-01-30,777,157,584,5383,4254,3247
Malaysia,2020-03-09,976,889,202,1593,2076,3475
China,2021-11-08,995,574,649,1641,3109,1040
India,2020-01-03,412,8,251,4491,3739,3535
Italy,2022-03-18,941,574,702,1205,3662,4373
Spain,2022-04-16,613,349,232,5834,362,1837
Spain,2022-12-02,275,267,150,5346,724,4313
India,2022-11-07,497,204,191,1389,4931,5163
Indonesia,2020-11-02,285,202,16,398,2345,3838
Norwaay,2021-07-19,843,674,485,7231,4985,1846
Italyyy,2021-10-31,14,6,7,2194,3507,2731
USA,2020-04-18,68,41,31,528,4538,4434
China,2022-10-28,184,84,48,6414,1858,4513
Brazil,2021-05-27,209,88,141,3172,1547,3393
Italy,2022-08-26,237,207,105,5460,1560,329
Indonesia,2021-05-02,190,54,28,4034,342,1969
Brazil,2022-10-27,887,190,586,4298,1684,5036
China,2020-07-12,619,402,117,10541,489,4129
Italyyy,2021-04-11,546,334,26,9831,1383,3623
Italyyy,2022-02-26,349,103,338,3498,4874,3592
Italy,2021-04-25,361,245,312,6261,4259,4248
India,2022-11-01,705,360,622,929,3821,4340
Norway,2021-09-26,897,770,797,7140,5548,3724
Italyyy,2021-05-21,704,453,611,5618,4101,1615
Norwaay,2021-09-17,935,546,627,1872,3597,4812
Italyyy,2022-12-19,95,9,12,8922,2419,4597
Indonesia,2021-04-04,104,14,34,6534,2710,809
India,2022-05-11,698,416,32,6918,2167,1479
Malaysia,2020-07-16,223,65,150,9944,3320,3035
India,2020-10-25,325,249,252,3754,405,4556
Malaysia,2021-10-15,590,327,5,1753,5305,3338
Indonesia,2022-10-29,806,717,660,8518,1765,671
USA,2021-08-11,392,193,105,4177,2341,817
Brazil,2022-11-18,626,551,135,4211,2971,1774
China,2020-09-27,376,362,151,9682,1810,3654
Italyyy,2022-08-14,279,88,94,9470,1366,3938
China,2022-06-03,829,91,794,4689,4821,1094
India,2021-04-12,168,9,18,3216,3047,4384
Brazil,2021-09-22,872,734,718,5379,5530,2937
Spain,2022-05-01,626,422,623,7887,3211,1899
China,2020-01-01,948,710,100,4302,2955,1642
Brazil,2021-04-17,292,287,207,6691,2536,4940
USA,2021-03-21,52,8,22,5640,3924,1287
Italy,2020-11-22,285,284,78,8296,4230,4781
Spain,2021-10-29,900,53,222,7788,383,4888
Norwaay,2022-06-19,953,291,252,10257,1106,2456
USAA,2022-07-31,149,105,42,621,884,2362
Malaysia,2022-10-14,588,50,220,2550,1841,3783
Italyyy,2021-05-15,169,79,116,1046,3536,140
Indonesia,2021-12-23,681,233,647,7161,1783,2249
USA,2021-11-17,92,14,6,566,2094,3944
Norway,2021-11-17,19,5,10,645,4603,2487
Indonesia,2022-11-15,221,-2,150,7498,4305,3901
Spain,2020-11-27,609,72,341,6855,3474,3608
Italyyy,2022-03-05,492,406,197,8773,4523,3531
Indonesia,2022-01-05,357,341,213,8794,2909,4753
Spain,2020-09-20,791,438,70,9226,1717,396
China,2022-10-20,514,297,154,3596,4010,159
Norwaay,2020-05-11,795,136,481,4599,2435,2361
Italy,2021-03-16,753,479,199,4304,3830,1695
Indonesia,2022-03-11,696,349,404,4782,1623,4436
Spain,2022-10-28,572,381,486,719,4083,4406
China,2022-09-10,970,750,617,10428,2048,5077
China,2022-08-19,509,166,49,2246,2126,4920
Spain,2021-06-04,199,168,142,3835,596,4918
Indonesia,2020-05-25,739,-1,118,9505,4098,2622
Norway,2020-12-30,266,136,7,7704,2378,217
Italyyy,2022-11-11,858,431,661,1385,1344,2243
India,2021-04-27,680,395,479,8395,3280,4179
Brazil,2020-12-14,580,423,81,4493,3384,2534
Spain,2020-11-05,703,208,643,7633,5174,2234
Norwaay,2020-08-16,352,186,37,5343,2411,3821
USA,2020-02-07,94,20,0,4289,3741,632
Malaysia,2020-03-12,665,450,540,2663,619,2891
Brazil,2021-01-15,959,387,832,5064,4859,4795
India,2022-01-08,907,330,159,4481,3921,3725
Malaysia,2022-08-07,536,73,74,10359,3115,282
USAA,2020-04-23,684,145,2,8924,3773,4260
Italy,2021-12-08,476,327,271,2068,5322,4360
Malaysia,2021-10-05,57,8,9,2562,4506,3401
USA,2022-09-05,222,199,134,307,3830,1938
Spain,2022-06-13,693,165,692,918,941,3852
China,2020-10-29,314,278,7,6989,3515,1281
India,2022-12-17,265,102,54,7775,521,4689
USAA,2021-08-19,474,309,211,1679,1525,3659
Malaysia,2022-02-06,594,357,329,1005,3341,710
Norway,2021-09-12,819,795,486,3612,2653,2553
Italy,2021-01-14,600,288,67,1968,1982,4848
Brazil,2020-08-17,280,88,199,9360,814,3845
Italy,2022-10-16,869,545,850,1062,2781,5061
Norway,2022-12-04,278,148,120,6110,1627,864
Italyyy,2020-01-09,203,94,88,5871,4376,710
Norwaay,2020-06-14,779,133,102,5951,1093,3028
India,2021-10-22,199,50,77,1859,4012,1415
Brazil,2020-12-05,844,196,751,2676,1709,1797
Malaysia,2020-09-30,814,574,267,6595,3939,4323
Spain,2022-12-17,998,923,960,10586,2637,3046
USA,2022-03-15,387,38,116,2567,2039,1756
India,2021-12-22,285,107,170,1291,766,972
China,2020-03-19,344,80,91,6139,2549,4882
China,2022-05-15,608,157,291,2182,2844,5117
Spain,2021-01-22,160,157,99,4603,994,1093
Malaysia,2020-07-07,318,86,85,4499,337,2357
Indonesia,2021-12-10,555,85,141,10522,1444,1833
Italyyy,2020-07-26,957,330,129,7800,4923,3762
India,2021-12-22,678,128,559,7717,4010,3348
Spain,2022-11-03,527,382,62,584,5242,2804
Indonesia,2022-04-05,888,112,634,4916,4035,892
Indonesia,2022-05-18,613,91,364,8750,4516,4387
USA,2022-07-14,913,157,114,5887,2924,1060
Norwaay,2021-05-07,25,23,13,6467,1568,2821
Spain,2021-11-18,283,131,281,9823,3055,1773
Brazil,2022-08-09,523,187,318,5709,1951,1501
Spain,2022-02-23,196,99,4,7887,4013,628
Indonesia,2021-10-24,814,521,69,5919,4275,4438
Malaysia,2022-05-01,93,70,51,1920,1205,3731
Italy,2021-11-23,95,89,89,7685,318,3175
Indonesia,2020-09-04,221,131,81,3176,4366,1807
Spain,2022-01-07,393,335,236,5619,2464,1504
USAA,2021-11-30,851,344,34,8364,4539,1932
USA,2021-02-06,217,98,105,1738,4012,1291
Malaysia,2021-01-19,667,581,514,5789,4105,3185
Norway,2022-09-17,20,9,3,3828,2635,4015
Norway,2021-03-06,483,102,304,1524,348,3795
Italy,2022-03-20,334,35,71,2166,3622,4976
Italyyy,2022-01-22,316,48,280,5796,525,3538
India,2022-08-31,646,200,593,7467,4085,2330
Norwaay,2021-01-06,676,442,370,6234,3996,1388
Norwaay,2021-03-02,808,206,53,6674,3185,720
USA,2021-11-14,501,307,249,6634,1192,1462
Indonesia,2020-04-30,590,306,78,8889,3760,4342
Brazil,2021-03-19,720,179,133,1166,940,3096
Brazil,2020-12-30,558,12,352,6736,3913,4026
Italy,2021-02-26,604,330,555,5657,2995,728
Norway,2021-06-05,217,164,144,9164,3730,681
USAA,2021-05-11,373,152,237,4006,3960,3496
Indonesia,2022-04-19,673,89,447,10444,607,1859
Norwaay,2020-05-05,956,616,448,4783,5070,2029
Malaysia,2020-08-02,24,-5,5,586,3270,584
Italy,2020-08-22,475,138,174,4120,543,4062
Indonesia,2020-12-25,552,495,114,6635,2369,1433
Brazil,2021-08-18,168,165,10,10087,1767,611
India,2022-12-14,135,115,102,3124,2094,456
Brazil,2020-08-25,599,204,78,1921,2772,225
Malaysia,2020-11-28,789,486,194,5109,3033,395
Norwaay,2020-04-09,640,594,110,5654,1319,3967
Brazil,2021-10-06,6,3,0,2108,159,2694
Spain,2021-09-25,119,105,49,7556,4692,1474
USAA,2021-05-29,559,101,1,3849,2408,2919
Norwaay,2022-04-22,751,600,57,7860,1247,3128
Malaysia,2021-12-24,535,67,408,2918,4570,1051
Italy,2021-10-07,691,165,215,6359,4753,3338
Brazil,2020-04-06,163,122,128,5140,3090,260
China,2020-11-17,201,199,82,2111,1822,2745
Italy,2021-10-14,998,827,484,7520,2573,4210
Italy,2021-08-28,562,206,213,5593,3271,2726
Spain,2022-06-26,663,358,89,5071,1469,4872
USAA,2022-12-16,368,242,262,8806,5044,3422
China,2020-01-31,878,70,585,1683,1443,1945
Italyyy,2022-06-13,311,57,223,1117,3674,4130
Brazil,2021-08-13,595,305,495,5296,2602,2343
Italy,2022-01-10,297,17,105,4761,4009,4696
Malaysia,2020-01-10,264,93,223,8881,3336,364
Spain,2021-06-30,255,54,142,8814,336,4646
Italy,2021-04-08,450,229,346,4921,4942,1623
Spain,2021-08-28,625,432,4,5490,3119,3829
Spain,2021-10-12,696,107,199,6251,2437,3610
Brazil,2022-04-16,72,41,69,2299,3970,3341
Italyyy,2022-04-28,1,1,-1,3388,2314,3117
India,2022-07-26,987,913,605,10719,3921,2413
Norwaay,2020-12-08,13,1,13,3433,1666,3554
Malaysia,2022-01-28,613,424,282,1417,1490,1663
India,2020-12-06,441,17,93,4635,4209,1124
Indonesia,2021-02-27,178,132,83,1055,2349,3186
Norway,2021-11-08,54,35,35,7490,2880,891
Brazil,2022-01-24,41,11,10,823,4346,4435
USAA,2020-02-15,295,94,167,7126,2495,1503
Norway,2021-08-27,321,186,285,2986,2534,4224
China,2021-06-06,347,139,273,359,834,909
Norwaay,2022-11-05,471,49,101,7290,3503,1596
Italy,2022-11-21,689,87,96,2697,1219,2506
Malaysia,2021-09-20,108,64,61,5471,4031,2524
India,2020-09-13,166,-3,75,2679,3188,3437
Italyyy,2021-12-27,441,366,238,4471,714,1330
USAA,2020-07-17,310,95,294,3641,4550,2074
Malaysia,2022-08-24,778,433,400,4121,3800,4917
Norwaay,2022-04-09,970,297,465,1953,4244,5332
China,2020-02-11,59,-3,30,6566,1134,761
Italy,2021-09-04,387,298,344,6241,2715,719
Spain,2022-07-08,274,65,7,6833,986,163
Norwaay,2022-05-26,779,303,427,9553,2040,5043
Brazil,2022-10-26,206,25,200,5301,4251,1055
Brazil,2020-02-12,581,133,101,4639,3027,2342
USAA,2020-05-10,750,704,30,4899,730,2193
China,2022-09-25,128,56,17,7563,4854,4303
Malaysia,2021-10-27,975,487,207,2977,1463,2687
Indonesia,2020-07-29,697,615,411,10648,2362,5290
Brazil,2021-12-18,747,68,542,1452,3852,2031
Italy,2020-10-09,941,552,907,7615,3516,2723
USA,2020-03-19,562,210,96,3182,1833,1177
Italy,2021-02-08,412,72,298,8738,4835,3588
Norway,2021-08-11,215,97,48,2908,2282,2376
Italyyy,2021-05-23,953,426,203,2303,5267,653
Malaysia,2020-11-24,323,206,50,8307,1014,4748
China,2021-12-07,173,111,123,8522,5006,1040
Spain,2021-05-22,728,234,467,3938,1457,1968
Malaysia,2021-06-08,403,79,116,9114,4067,3495
Italyyy,2021-08-11,88,29,34,4321,3983,658
USAA,2021-03-08,467,195,336,6772,4501,2930
Indonesia,2021-10-16,731,45,510,6033,1943,4878
Norway,2021-01-26,174,124,15,7847,2800,775
Italy,2020-05-07,164,48,152,8525,1423,2655
Italy,2021-12-31,996,918,260,10598,3291,974
Spain,2020-01-31,46,36,14,2697,4283,1854
USAA,2022-04-17,496,339,19,8728,5060,2602
Spain,2020-03-21,18,-3,8,8705,2968,242
India,2021-06-27,221,85,108,5394,1393,414
India,2020-12-14,686,530,552,4145,3928,4626
Norwaay,2022-10-06,387,46,315,10158,4711,3072
USA,2020-04-16,114,20,71,4062,1309,3750
Italy,2022-10-09,95,31,93,1876,3719,4974
Spain,2020-03-03,332,20,61,556,1673,2002
China,2020-02-18,883,556,379,5232,3900,4109
India,2021-01-19,743,14,176,10076,599,3728
Spain,2020-11-05,986,839,343,10719,4768,547
Italy,2020-02-01,633,30,261,2483,3394,4974
Malaysia,2022-08-23,471,113,219,7256,1697,4281
USAA,2020-08-24,269,119,82,6939,3641,1554
Italyyy,2021-01-05,252,204,184,8871,1954,2955
USAA,2020-07-15,1000,917,733,8165,5751,1610
Norwaay,2022-01-05,1000,279,991,2130,3686,1187
Italy,2022-11-05,434,47,360,3394,1632,1031
Spain,2020-06-26,986,305,253,9797,2062,1510
Spain,2022-05-26,749,73,628,3258,3434,2930
USAA,2020-12-04,456,9,192,1172,1093,3877
Brazil,2021-12-23,867,346,365,6798,3326,4521
USA,2022-12-22,101,65,93,7876,1318,2897
Italy,2021-02-02,398,32,1,5897,2127,4880
India,2021-07-27,550,133,471,3644,3890,2952
Brazil,2020-09-17,188,-4,29,9148,2741,4639
Norway,2022-07-30,840,238,468,5831,1551,2161
China,2022-08-01,435,280,101,7201,4427,2396
USAA,2020-06-26,966,176,760,10325,1901,5644
Norwaay,2020-09-11,757,469,605,3879,1936,5528
USA,2021-04-28,443,125,72,6540,4146,2629
USA,2020-06-16,456,435,403,9585,3032,5062
USA,2022-06-17,228,157,141,2323,2306,1229
Italyyy,2020-02-09,971,500,282,5812,3421,3762
Indonesia,2021-04-29,85,70,3,3679,133,1869
India,2022-06-13,834,776,764,4521,1214,1522
Norwaay,2022-11-18,207,121,171,2225,3889,1409
Italyyy,2021-08-06,272,64,70,7493,791,2976
China,2021-09-08,644,580,424,7914,3728,4594
USAA,2020-11-04,668,93,319,5506,155,2551
Italyyy,2020-04-28,766,382,409,3612,4788,938
Norway,2022-07-08,615,100,319,1993,2697,1375
Norway,2022-12-08,569,399,567,3586,1319,5470
India,2022-09-01,363,227,334,515,491,2402
India,2021-01-12,28,2,1,4007,3168,3737
Brazil,2020-06-07,571,37,547,2600,2646,5428
Italyyy,2022-12-19,726,319,565,1956,2086,875
Italy,2021-04-13,790,427,625,4802,4699,5317
Italyyy,2022-11-28,72,47,-2,8078,1697,2037
USA,2022-07-21,338,-4,20,4891,1541,85
Spain,2020-07-07,163,132,12,8953,2485,3927
Norwaay,2022-05-29,734,370,586,6027,728,5056
Norway,2020-03-04,220,55,29,6991,4598,558
Italy,2021-06-23,372,348,245,2983,2800,3173
USA,2022-04-07,986,623,444,5984,3890,2128
China,2021-10-27,266,142,211,4073,4635,3066
Norway,2022-10-24,611,270,60,5957,2532,4318
Italyyy,2021-07-29,442,292,347,9818,321,3396
USA,2020-04-17,672,257,193,9447,1695,1035
Malaysia,2022-02-24,807,222,596,8165,1460,2880
Norwaay,2022-10-02,370,-1,192,5324,3341,2630
Italy,2021-06-14,686,298,167,1004,670,3713
Italy,2020-01-20,81,14,72,8741,3740,1791
Italyyy,2021-10-14,246,38,214,7054,3762,3716
India,2022-01-31,881,451,760,916,4598,4987
China,2020-06-12,699,74,230,1180,3183,3493
India,2021-11-04,305,49,63,2461,2074,4773
China,2021-07-16,857,34,359,9124,1531,4549
Italy,2022-09-14,990,364,958,5400,3923,2879
USAA,2021-12-15,652,591,471,4314,1491,3071
India,2020-08-25,638,437,550,8231,5431,5299
Indonesia,2021-11-07,566,252,46,3675,2290,151
USA,2020-09-30,458,92,300,1308,4802,1148
Italyyy,2022-03-21,974,678,332,9462,3376,2718
Norway,2022-10-07,759,370,129,4789,2869,3380
Italyyy,2021-02-23,629,158,514,2618,3604,3479
India,2022-08-14,288,66,47,6238,3847,1625
Italyyy,2022-04-16,977,11,179,7406,3030,3223
India,2022-01-21,21,5,-2,9586,2981,2342
Norwaay,2021-12-23,26,16,25,8605,2898,3333
Norway,2021-11-07,202,181,-3,4290,3073,2278
Indonesia,2022-07-09,63,43,10,6573,2392,1702
USAA,2021-02-20,256,62,238,10190,1275,1196
China,2021-05-15,980,836,493,9944,1680,1824
Malaysia,2021-01-16,824,260,102,3303,1003,1323
Indonesia,2020-05-14,243,161,163,8197,1873,3029
Spain,2021-03-09,767,433,262,5833,797,1005
Norwaay,2021-12-01,898,563,392,5155,4742,2973
Malaysia,2021-01-13,278,269,93,9270,5246,2070
Indonesia,2021-12-22,207,12,166,8639,757,1085
Norway,2022-06-04,502,5,435,729,2124,3427
USA,2022-08-06,237,85,79,5349,278,3203
India,2022-11-03,17,-5,14,5430,1538,3109
Brazil,2021-08-11,742,553,472,5081,3425,825
China,2021-06-06,98,-1,22,3972,3652,2727
China,2020-02-14,817,309,771,7361,829,1125
USAA,2022-02-06,677,86,564,3443,4705,1425
Italy,2021-05-19,181,1,165,5715,3617,1745
Malaysia,2020-10-09,68,55,42,9798,4029,4404
Malaysia,2022-01-27,577,385,264,1533,1713,1282
Brazil,2020-11-25,827,218,571,1449,3358,1606
Norwaay,2021-07-05,814,529,285,3098,4527,594
Indonesia,2021-02-05,143,130,61,9180,385,2781
China,2021-06-12,907,28,54,6443,2315,1237
Norway,2021-03-10,942,43,683,6037,3342,5248
Malaysia,2022-07-15,156,66,58,7070,735,2431
Italy,2022-12-25,539,316,422,2899,3527,4745
USAA,2021-03-05,584,150,449,2699,3951,3717
Brazil,2022-05-13,642,176,562,9268,1129,829
India,2020-01-16,680,311,420,9116,1724,982
Indonesia,2022-03-13,729,535,685,8717,2636,4113
Italyyy,2020-10-23,73,21,16,3761,784,3149
Brazil,2020-05-12,695,194,558,2029,2787,4973
Brazil,2021-01-09,761,5,386,3076,1923,5199
Indonesia,2021-09-23,506,289,101,10348,583,2893
USAA,2022-01-28,214,48,76,557,1312,569
Spain,2022-05-12,531,327,289,4058,741,4278
Malaysia,2021-01-08,643,632,597,7260,2739,2160
Malaysia,2022-12-08,958,422,511,7274,812,856
Indonesia,2022-01-09,663,628,601,8580,5547,2416
Spain,2022-09-30,51,23,-2,6583,4595,3377
Italy,2022-02-01,251,244,229,1408,1618,1936
Italyyy,2021-11-27,90,46,6,5475,3900,1408
Norway,2020-01-27,642,305,216,3397,5050,2703
Malaysia,2020-05-24,272,245,104,1489,4120,2002
Norway,2021-04-02,166,148,24,5756,2844,869
USAA,2020-12-10,54,6,53,8389,2728,3592
USA,2021-09-20,307,123,97,3795,3551,1704
India,2022-12-10,847,464,214,850,4827,3973
Brazil,2021-01-12,818,482,681,6000,4198,3011
Norwaay,2021-04-20,83,29,26,8757,4167,4122
USA,2022-10-28,861,538,304,8098,3146,1800
Spain,2022-06-22,53,45,37,475,370,3749
India,2021-07-27,958,51,130,7723,4353,2804
Brazil,2022-01-05,948,273,239,1472,1768,4434
Norwaay,2022-05-09,735,489,34,5415,3144,4387
Brazil,2022-04-04,262,44,180,10259,982,2749
China,2021-06-18,843,720,559,2218,4912,4184
Brazil,2021-10-22,15,9,14,945,1725,4716
China,2022-05-04,121,99,68,6527,791,2391
Indonesia,2021-05-28,580,344,123,3032,735,1244
USA,2021-06-30,734,616,299,1515,3323,3922
Malaysia,2022-12-27,258,233,52,352,4308,1834
India,2021-12-05,322,155,90,3416,4279,4692
USA,2021-02-24,749,112,60,6221,1588,4659
India,2021-04-21,1,-2,-2,9636,3670,3015
Brazil,2021-01-25,617,454,173,9935,2063,3180
Norwaay,2020-12-24,136,116,5,9941,3142,3396
Malaysia,2020-07-06,373,10,82,6015,2573,3390
USAA,2020-10-26,781,353,32,9186,994,2542
USA,2021-05-05,784,745,54,8293,5488,3201
Brazil,2020-07-04,204,183,141,3069,2920,1445
Brazil,2022-04-12,661,403,534,9705,2437,4833
India,2022-12-08,432,343,361,7786,2286,5317
Norwaay,2020-10-14,48,30,31,4269,2094,3945
Brazil,2020-10-24,857,92,32,4280,651,578
Spain,2020-12-02,804,488,4,10133,1337,4717
Norway,2022-01-22,32,16,28,4407,2896,4116
Malaysia,2021-03-05,456,283,318,9974,846,4866
Norwaay,2022-07-04,313,253,193,2414,3918,2248
USA,2022-03-25,923,867,84,9593,3376,2318
Norwaay,2022-07-16,585,361,195,1305,4441,522
China,2021-03-15,392,277,248,5226,3193,319
Italyyy,2020-06-05,548,208,291,8795,5100,5200
USAA,2020-10-28,245,133,95,7786,1501,3203
Italyyy,2021-04-05,962,278,939,8231,2338,4192
Italyyy,2020-12-19,227,101,82,6407,3325,4207
China,2021-07-14,496,105,397,1736,2120,1693
USA,2020-10-05,11,6,-2,7884,1564,4377
Spain,2021-04-14,388,211,369,2489,2526,1705
Spain,2020-01-22,533,325,251,5242,3764,3510
India,2022-04-09,775,24,637,9523,4778,1005
Italy,2020-07-15,30,24,8,9869,4652,2868
Italy,2021-03-02,836,254,818,5264,4693,2816
USAA,2020-03-11,886,772,207,7156,4129,2502
Spain,2020-03-25,292,82,44,5522,237,4852
Malaysia,2022-05-09,693,546,276,1319,1010,4287
Norway,2021-03-29,348,17,252,7211,2299,4160
Italyyy,2022-12-19,536,386,390,1230,1900,2319
Spain,2020-07-15,327,80,315,7754,2462,2932
Italy,2022-09-17,507,22,409,3458,2512,2853
USA,2022-02-01,111,10,5,522,3995,3672
Norwaay,2020-06-08,650,591,422,1503,1254,2622
USA,2020-01-20,545,384,426,1857,535,2225
Norwaay,2022-06-10,461,178,5,3032,4286,2161
USAA,2021-03-17,921,152,781,3041,3378,2394
Brazil,2021-12-30,574,316,79,7899,4092,3405
Brazil,2022-01-13,713,298,558,9986,1352,4639
Italyyy,2021-11-15,244,44,77,6447,4421,2035
Italy,2021-06-13,217,29,57,2754,4175,4188
USA,2020-10-13,832,20,332,4240,3313,1745
USA,2020-03-20,259,122,98,2764,4146,2648
USA,2021-01-27,979,549,396,2741,1140,4651
Indonesia,2022-01-12,53,-3,-1,3219,1605,582
Norwaay,2020-06-26,120,94,-3,300,2853,3845
Norway,2020-04-11,384,278,303,9890,2793,1323
China,2021-09-14,620,515,254,7033,591,3854
China,2022-02-02,69,13,56,865,1514,4097
USA,2020-04-25,567,113,221,4011,2676,3417
Norway,2022-06-15,91,31,48,707,828,3250
Norwaay,2022-09-04,264,182,137,5735,610,413
China,2022-12-02,69,46,33,2380,1316,2293
USA,2020-03-24,890,734,616,3569,3336,3968
Spain,2020-08-23,313,175,286,9791,4784,3853
Spain,2020-08-19,572,557,14,7303,1414,59
Brazil,2022-05-24,779,292,370,10106,3348,3081
Spain,2021-04-16,409,312,348,4111,3945,950
Indonesia,2020-05-12,43,19,22,9890,144,2279
China,2021-01-20,760,172,627,8002,5089,4760
Italy,2020-07-03,726,381,257,5648,821,2081
Italyyy,2022-05-16,255,168,-2,2429,445,353
Italyyy,2021-10-08,646,612,271,4172,4179,773
Norwaay,2022-07-30,615,142,3,653,1016,757
USAA,2022-07-15,570,555,204,1053,2521,2293
Malaysia,2022-08-18,540,7,403,7081,796,2842
China,2020-12-16,261,-2,63,9495,637,3998
USA,2022-03-22,466,29,306,3715,1058,448
Norwaay,2021-08-13,583,97,50,5772,204,2214
Italyyy,2021-11-30,656,1,491,5435,4468,1545
Malaysia,2021-11-18,248,219,54,5304,1130,4673
USAA,2021-04-06,198,46,109,7146,3935,906
Indonesia,2022-07-03,274,190,232,9578,4110,790
Spain,2021-10-28,477,405,474,1856,4714,1075
China,2021-04-19,63,7,22,1185,137,298
USA,2022-06-02,618,232,556,7097,4525,5017
Brazil,2022-08-22,393,177,20,8578,3359,1139
Indonesia,2020-04-03,15,8,8,4299,191,3372
Norway,2022-08-05,319,184,262,1483,2537,4680
China,2020-06-03,178,152,155,4832,271,1468
Indonesia,2020-11-18,880,871,70,7394,2688,5020
USAA,2022-08-29,118,38,-2,4499,140,4533
USAA,2020-11-23,190,160,169,10118,4440,4657
Spain,2021-02-15,948,923,273,6753,4474,2044
Italyyy,2022-10-22,386,379,310,590,2116,1417
Spain,2020-05-06,578,84,31,3455,2226,4197
Italy,2020-08-31,197,23,116,7317,2384,5045
China,2021-01-07,511,167,357,2808,4749,2161
Norwaay,2020-09-27,714,659,200,953,4174,1825
Norwaay,2022-05-07,799,182,514,978,3042,3775
India,2020-04-26,681,32,220,2389,202,3240
Italyyy,2020-08-31,638,133,77,4367,3506,4377
Norwaay,2020-01-05,934,399,905,6110,2229,4914
Malaysia,2021-09-26,209,33,94,8400,2683,1482
India,2021-11-30,702,651,292,6912,3398,2076
Brazil,2022-12-06,68,37,48,7221,240,2901
China,2022-07-11,181,163,0,7144,2541,23
Brazil,2021-12-30,196,185,85,7915,824,3137
Malaysia,2021-03-28,632,554,323,6847,4003,1406
Norwaay,2020-02-20,647,188,623,7571,767,4739
Norwaay,2020-12-25,495,129,227,2845,1162,4610
China,2021-03-23,977,365,229,9381,2191,3488
Brazil,2021-03-15,192,192,70,7081,4009,1835
Norwaay,2022-12-28,669,522,253,2779,2717,1614
Brazil,2021-12-06,642,250,514,5670,4592,669
Brazil,2020-04-20,424,73,374,6711,1795,5295
USA,2022-12-03,894,720,466,10789,1456,4837
Spain,2020-12-28,461,322,26,2992,5276,3373
China,2021-02-14,740,668,686,5732,2455,2288
India,2022-08-28,109,83,22,1267,3241,2901
USA,2022-07-05,2,2,1,9123,4942,2774
Italyyy,2022-10-24,228,203,2,9616,4561,2648
Italy,2020-11-03,722,604,657,7945,1994,3147
Italy,2021-10-22,127,123,106,7237,1070,5011
Norway,2020-06-27,87,29,82,4169,2043,4609
Italyyy,2022-04-25,986,451,147,8223,3954,1427
Malaysia,2020-12-15,564,314,428,6278,3362,1705
Italyyy,2022-10-03,806,51,335,7524,1695,908
Norwaay,2020-08-19,771,29,492,8589,159,2215
USA,2021-02-16,475,335,70,8442,4288,2200
Spain,2020-08-08,589,227,124,3354,4052,4293
USAA,2020-04-20,867,811,487,2425,2685,2532
China,2020-04-02,505,409,118,9629,5251,4891
Malaysia,2020-09-14,309,304,122,7893,3932,2396
USA,2021-04-22,751,119,332,7900,3300,1474
Spain,2022-07-13,202,27,173,8088,760,4820
Spain,2022-06-03,218,113,89,6342,766,3293
Norwaay,2021-03-24,512,222,452,4703,3138,514
China,2021-11-13,830,790,219,5406,1361,3124
USAA,2020-07-12,403,158,138,8325,4373,356
USA,2021-12-29,230,196,14,5313,4566,2209
USA,2022-12-05,772,145,742,4083,1831,970
Italyyy,2021-04-17,455,138,400,1795,1799,2508
Indonesia,2022-12-22,550,216,-3,2342,1030,2817
USAA,2021-09-17,499,7,339,6692,329,5248
Malaysia,2021-02-26,479,294,188,10185,4314,4222
Indonesia,2022-02-16,138,131,50,3598,3735,4048
Norway,2022-04-18,189,35,41,8204,603,1726
Malaysia,2022-02-06,3,-2,0,891,724,659
Malaysia,2021-11-11,799,749,63,4763,2339,2323
Spain,2020-05-04,301,255,-1,6980,3146,1604
Italyyy,2022-07-18,708,619,561,5573,1746,4140
Brazil,2020-03-02,483,464,77,1899,4382,1952
Indonesia,2021-11-02,628,502,486,2010,4330,4644
Indonesia,2021-05-15,883,344,598,4024,2468,651
Indonesia,2022-07-26,773,214,432,1217,4871,866
Malaysia,2021-01-23,464,304,157,5314,888,861
Indonesia,2020-02-10,842,410,238,10618,1245,3321
Malaysia,2020-05-21,640,140,468,3298,176,1195
Norway,2020-12-21,236,128,157,10197,1705,2963
Italy,2022-11-13,574,496,14,811,635,218
Brazil,2022-06-12,509,209,415,9613,4471,1608
Italy,2022-07-01,899,323,36,2181,3901,3697
Norwaay,2020-02-02,228,63,124,8731,2882,2008
Italy,2022-11-10,938,437,469,10149,1934,2956
Spain,2021-02-22,361,321,169,7538,2686,2613
India,2022-06-14,743,338,103,2565,1526,4415
Brazil,2020-03-03,188,153,130,6048,1035,3235
China,2020-09-29,479,265,206,891,4403,495
Norwaay,2021-12-31,162,28,124,190,1363,3890
Indonesia,2022-03-17,702,33,370,2339,3805,511
Italy,2022-10-09,854,268,729,9989,1555,3197
Brazil,2021-11-17,510,505,81,1386,3847,2583
Indonesia,2021-03-08,802,185,259,2440,1966,4140
Norwaay,2020-10-08,204,46,-2,7153,2400,4709
Spain,2022-06-28,367,195,-2,8945,3495,4812
Brazil,2021-11-08,639,598,93,9052,2209,1177
Norway,2022-09-13,128,92,61,1909,2116,2206
India,2022-02-02,796,244,505,4180,1467,3923
Spain,2020-05-21,462,439,291,750,4349,2917
Spain,2021-12-31,357,0,134,4786,2561,3527
USAA,2021-06-24,134,3,112,4694,143,2379
Italy,2021-09-26,761,180,757,3041,378,3702
Malaysia,2021-06-01,323,32,268,9322,489,4940
India,2021-05-13,748,142,235,9445,613,3819
Italyyy,2022-11-07,72,27,49,1358,3330,558
India,2020-06-11,858,11,45,6348,365,898
Indonesia,2020-09-06,722,478,618,9196,899,2760
Malaysia,2021-05-27,55,35,19,920,646,1036
Brazil,2021-10-01,861,307,703,4358,3267,3711
Italyyy,2022-12-13,838,706,233,1314,2113,869
Malaysia,2022-02-08,624,67,395,4639,2485,1849
Brazil,2021-03-23,683,466,676,1433,2870,3045
Spain,2022-10-26,606,56,192,4406,1637,3123
USA,2021-09-14,995,436,795,6545,1780,1061
India,2022-05-04,432,146,431,3195,2248,3582
Italyyy,2020-02-27,691,626,346,7552,4979,678
USAA,2021-12-07,554,130,539,7811,1966,1899
USA,2020-05-16,642,610,61,7322,2889,3996
Brazil,2021-05-03,706,319,513,8511,3363,4325
Italyyy,2021-01-27,476,161,289,8338,4292,1078
Italy,2021-05-17,216,107,195,7958,1426,2025
Indonesia,2020-06-29,760,696,686,3946,3502,3095
India,2021-09-19,744,557,481,10175,4298,3419
China,2022-03-10,710,251,126,8334,2217,2041
USA,2020-01-02,232,52,101,2628,1081,1357
Brazil,2022-10-18,860,690,352,9420,4358,5116
Indonesia,2022-04-22,734,215,278,2830,5012,1855
India,2021-12-18,349,201,11,6630,365,1946
Brazil,2021-10-03,147,53,27,4675,1205,3912
Italyyy,2020-03-25,508,465,18,7007,4085,4110
USAA,2020-10-18,968,838,305,8394,1682,974
China,2022-03-16,998,601,837,6383,2136,5827
Italyyy,2021-07-16,385,108,381,5157,3554,985
China,2022-08-25,754,259,651,4740,1358,3457
Italy,2022-02-13,564,564,171,8979,3688,454
USAA,2022-08-29,462,199,460,8257,5065,3704
Norway,2021-11-17,367,277,142,9903,3939,4395
Spain,2020-03-21,131,3,103,3639,2148,5031
USAA,2020-11-12,580,301,99,9138,636,2796
Indonesia,2021-02-18,746,83,665,3434,1386,1297
Indonesia,2022-05-03,353,100,24,7320,2353,4154
India,2020-07-22,463,167,213,6578,2889,3257
Spain,2021-03-23,348,22,149,8481,1468,2658
China,2021-11-11,77,7,42,5794,1274,120
Indonesia,2022-12-20,585,389,300,4379,763,4058
Malaysia,2022-01-22,812,765,485,998,4601,2034
Norwaay,2020-07-07,605,194,455,3504,637,570
USA,2020-02-14,927,676,481,3802,2406,2497
China,2022-09-05,739,664,627,6357,5035,3021
Norwaay,2022-08-03,78,50,51,7407,3566,493
Spain,2021-01-06,233,16,187,1412,2176,2457
Italyyy,2020-09-03,890,683,449,10102,3084,3084
Italy,2021-04-27,194,37,43,1680,4545,4459
Malaysia,2022-05-05,485,295,353,10206,4592,845
Malaysia,2020-01-22,312,197,72,5386,2991,3617
Norway,2022-05-07,165,113,144,7795,1297,2597
Italy,2021-09-25,520,434,26,3756,2452,3979
Norwaay,2020-05-24,632,387,370,7607,4335,1520
USAA,2020-12-15,428,45,220,4324,1786,2926
Italy,2020-06-25,125,124,107,303,1544,3096
Norway,2021-12-17,131,66,21,1438,4589,3028
India,2020-07-01,425,128,58,3729,2772,4075
Malaysia,2022-10-03,11,1,-1,2323,4178,695
Brazil,2020-08-27,668,486,465,956,3715,1919
Norwaay,2022-02-13,994,63,941,3622,4044,5511
Malaysia,2021-03-29,869,594,477,10535,5281,4734
India,2022-03-01,14,2,5,1611,3704,4782
Norwaay,2021-02-28,960,425,23,9493,3027,3101
Brazil,2021-10-07,239,102,63,315,1831,4613
Spain,2022-01-19,213,152,118,5650,3373,3591
Italyyy,2022-01-03,728,520,309,5883,952,4128
Malaysia,2021-01-13,965,97,206,5394,2080,2763
Italyyy,2021-12-10,247,89,59,8202,489,3786
Spain,2022-05-06,360,321,9,9138,4758,2448
Norwaay,2020-08-12,439,437,64,6885,929,4474
India,2021-08-18,219,40,161,8048,3493,2426
Norway,2020-10-23,734,503,607,7640,2335,3723
Indonesia,2022-07-20,630,363,471,8805,5244,3317
Spain,2022-02-28,799,472,558,5841,1264,760
USA,2020-07-31,100,32,6,4606,1616,529
China,2020-04-18,817,171,746,10674,3512,2159
Spain,2021-03-05,551,471,391,8265,5089,2844
Italyyy,2021-10-06,524,144,112,8648,3447,609
Norway,2021-06-11,309,308,302,8247,2506,3969
Norwaay,2022-02-27,94,71,70,1020,2269,4072
Spain,2021-02-19,259,94,48,1076,1040,3933
Spain,2020-01-04,812,777,373,6141,4791,3556
Indonesia,2021-03-15,261,70,49,3975,734,1535
Norway,2021-04-08,301,293,181,1931,4196,4550
Malaysia,2022-06-30,535,182,247,8851,2680,4819
USA,2022-06-19,293,266,34,4006,1284,781
USA,2022-10-22,785,17,508,4066,1118,3915
China,2022-01-30,811,452,-1,3280,2086,4198
Spain,2020-08-18,963,742,118,7389,2773,662
USAA,2021-11-24,176,-3,-3,5620,425,2955
USA,2022-04-16,380,232,245,5302,1769,958
Brazil,2022-01-22,214,167,65,3755,816,3087
Italyyy,2021-06-20,906,506,831,1781,1575,1485
Spain,2021-05-31,633,50,572,3389,4341,1083
Brazil,2022-05-07,35,13,19,1627,1099,372
Indonesia,2022-04-24,432,257,292,3774,4248,3587
Spain,2021-08-08,320,76,208,9314,4066,1019
Norwaay,2021-12-08,291,136,164,5768,3898,2450
Malaysia,2021-05-14,453,278,26,2932,2841,3394
Italyyy,2020-10-20,309,278,208,9304,2386,2879
China,2022-12-19,577,563,273,10381,1927,398
Brazil,2021-01-05,507,82,103,5614,713,754
India,2022-06-07,361,138,231,1664,2130,542
Brazil,2021-08-17,915,440,230,5155,4987,1940
Norwaay,2020-12-28,22,0,-2,6548,1860,1639
Indonesia,2021-09-30,263,262,218,553,4680,2088
Italy,2020-03-08,117,8,21,3290,2022,380
Italyyy,2021-05-09,282,104,-2,9223,2232,2312
Malaysia,2022-01-04,71,8,43,6095,377,2684
Indonesia,2021-08-15,954,923,775,6696,1278,2334
Norway,2021-08-22,200,23,87,811,820,1248
USA,2022-10-28,655,65,651,4163,3191,1437
Indonesia,2022-10-09,518,369,96,9171,4688,4443
China,2020-08-24,300,269,284,8499,2128,2059
Indonesia,2022-02-08,908,350,378,10906,2166,5365
Malaysia,2020-02-27,183,150,14,1546,2077,795
Spain,2020-07-15,701,356,310,6381,470,1831
India,2022-02-19,857,55,333,4627,3428,4582
Malaysia,2022-07-05,836,87,380,8363,1057,3091
USAA,2021-05-30,9,-1,9,41,3368,2294
USAA,2020-06-04,468,435,289,8504,1312,4222
Spain,2021-11-14,793,163,253,2749,2805,2158
Italy,2020-06-03,8,-3,3,7703,4597,4653
Norway,2022-03-28,224,155,130,10127,3740,1242
Malaysia,2021-12-10,771,200,362,6745,3999,2328
USAA,2020-01-24,371,345,123,964,1514,3010
USAA,2020-08-11,700,49,654,5233,1489,2267
USA,2021-09-28,414,29,41,2267,2207,3835
Italy,2022-10-14,735,424,103,8349,4173,1943
USAA,2020-08-27,49,-5,10,9982,3449,3246
Indonesia,2020-04-26,487,14,261,6469,4864,1273
China,2021-12-30,937,507,273,7632,3388,2551
India,2021-02-15,36,21,2,922,1783,4135
China,2021-06-09,595,204,132,8732,4400,2907
Norway,2022-08-26,457,303,88,3670,3016,2597
USA,2022-12-12,112,37,43,6044,2981,1725
Norwaay,2021-09-09,697,139,340,4209,3534,5144
Italyyy,2022-10-06,329,128,183,10267,3321,1054
Norwaay,2020-05-04,620,518,149,901,792,4345
China,2021-05-25,611,207,543,9925,2043,2669
Italyyy,2022-11-13,77,7,63,3042,4809,1738
Italyyy,2022-04-08,784,264,102,5914,5008,1426
Brazil,2021-08-13,935,475,868,1699,882,1937
Norwaay,2021-05-06,480,32,294,5827,2926,3002
India,2022-08-31,195,13,75,665,1222,3227
USA,2022-01-28,757,707,137,3750,1259,4909
India,2022-04-20,410,8,231,7050,2137,3625
India,2020-02-25,164,32,100,9953,4197,1525
Norway,2022-08-17,557,94,12,9375,2531,2484
Malaysia,2020-04-16,908,93,418,6126,1967,2260
Italyyy,2020-12-30,27,22,26,8378,829,4359
Norway,2022-09-07,333,189,6,6667,631,4519
Norway,2022-11-29,52,43,1,8593,3944,1834
Norway,2021-03-22,114,12,108,9011,2948,1647
Norwaay,2020-12-19,477,390,387,9801,4153,3634
India,2020-05-20,332,252,55,3012,512,3925
Italy,2021-11-05,875,738,49,7702,3181,3056
India,2020-06-01,825,599,187,8575,3308,995
Spain,2022-09-11,335,103,64,6085,2345,289
Italy,2022-12-29,552,273,375,7622,4090,827
China,2020-06-05,993,158,612,2396,3359,4401
Norway,2021-11-20,324,121,11,3286,1165,3957
China,2020-09-15,279,265,67,7995,1301,924
Malaysia,2022-12-14,448,353,306,6596,2503,1674
Indonesia,2021-04-10,654,13,451,3495,2754,4852
Brazil,2020-02-14,42,19,30,5330,4905,1962
India,2020-03-12,991,237,363,7929,2332,1048
Malaysia,2021-05-18,978,91,154,5473,2454,2708
Indonesia,2020-03-28,74,60,18,5674,4645,4183
Italy,2021-03-31,372,236,82,4137,4384,873
USAA,2021-07-10,378,202,40,8569,378,3017
Indonesia,2021-08-05,29,11,15,4754,2775,1488
Malaysia,2021-10-31,68,42,57,4222,2835,2487
Norwaay,2020-08-14,689,57,440,9335,2707,4708
USA,2021-01-14,377,41,136,2545,1458,2644
Indonesia,2022-04-05,678,477,665,6409,645,5164
Italy,2021-10-02,242,214,224,3098,1186,2752
India,2022-05-29,18,12,6,22,493,4697
India,2022-11-25,608,468,142,3731,1940,569
Norwaay,2020-10-06,415,397,382,8113,5072,1201
USA,2020-09-21,128,17,5,7058,4365,1936
Spain,2020-09-28,270,120,40,9115,2601,968
Spain,2020-05-02,942,691,219,2771,3133,3408
India,2022-08-04,215,-2,4,7669,1047,4753
Malaysia,2021-08-17,410,383,287,10170,4269,968
USA,2022-08-20,138,127,45,1833,3831,2460
USAA,2022-11-27,673,83,482,6040,1472,827
USA,2021-01-09,780,10,473,7646,4492,1010
India,2022-02-12,771,50,12,9372,4106,250
India,2022-06-24,527,523,290,8032,3833,1789
Italy,2020-08-10,517,185,248,2722,2193,4355
USAA,2020-12-26,357,315,5,3091,941,3090
Indonesia,2021-12-17,602,26,108,4103,4656,2489
Norwaay,2022-09-17,186,50,155,6776,4222,2017
Norway,2021-01-29,372,359,219,8986,2755,5150
India,2021-12-14,399,126,256,5391,2463,426
China,2021-01-31,744,529,435,9753,5203,3735
Norway,2022-11-01,433,378,16,2033,1193,3344
Spain,2020-01-15,766,629,628,5399,4750,3200
Spain,2021-12-23,202,46,24,7414,4713,3656
Brazil,2021-03-22,669,184,323,7141,4311,4131
Italy,2022-11-18,959,530,541,5722,4846,1708
Norway,2022-04-29,680,421,644,5874,4320,3717
Italy,2020-09-02,820,570,601,6957,3159,5434
USAA,2020-04-24,452,341,402,886,4799,947
Norway,2021-11-17,244,51,51,3276,1288,1495
China,2021-06-20,117,62,115,8909,2038,2474
Malaysia,2022-07-01,331,30,225,1854,4675,4479
Italyyy,2021-04-09,134,112,113,5788,2961,4096
China,2022-09-19,755,422,542,6747,5398,5350
Malaysia,2021-10-21,922,75,531,3336,125,1910
USA,2022-12-08,769,515,397,4493,3697,1492
Norway,2021-01-23,292,153,139,4067,2749,3682
Malaysia,2021-12-10,599,566,551,5039,4126,3014
USAA,2021-04-14,282,81,51,3246,369,2586
Italy,2020-11-05,7,-2,5,9122,1343,1850
Malaysia,2021-08-20,314,233,193,8813,1219,1461
Italyyy,2022-01-20,51,3,21,7599,2145,1234
China,2020-06-14,571,70,147,2310,4296,3009
Italy,2021-01-03,892,682,671,10480,3057,3808
Norwaay,2021-08-15,623,177,354,1950,395,411
Malaysia,2022-06-07,140,65,137,7245,3048,3752
Italy,2021-07-11,619,59,160,3865,855,1033
Indonesia,2022-06-11,56,26,4,740,4096,4124
Italyyy,2021-04-04,423,111,338,5307,4054,5195
Spain,2022-12-22,544,70,264,4037,1915,4265
China,2021-04-03,616,500,409,872,1213,1346
Italyyy,2020-02-04,185,16,105,3736,626,4977
Indonesia,2022-10-19,669,180,387,1300,470,4015
Malaysia,2021-09-06,92,79,37,2565,3590,1172
Norwaay,2021-03-02,343,342,326,3673,2972,2980
Italyyy,2020-01-13,537,521,437,3265,2339,5389
Spain,2022-05-29,968,166,234,1004,4343,605
Norway,2022-12-01,965,752,589,5483,5372,5336
Italyyy,2020-03-17,150,78,44,5837,3791,4066
USAA,2022-07-31,339,21,278,4368,2224,1663
USAA,2022-02-10,759,410,751,1495,1086,4363
Norway,2021-03-20,683,61,322,3823,2161,502
China,2020-12-23,220,188,13,5310,4771,3935
Spain,2022-08-01,305,148,256,3777,3556,4423
Brazil,2021-07-01,943,904,246,2312,1984,1844
India,2020-12-06,889,802,181,2028,4086,4183
USAA,2022-09-15,415,157,237,821,1108,1347
India,2020-10-22,107,-2,43,3543,2223,2868
Norway,2022-08-22,698,438,170,1390,637,3233
Norway,2021-01-24,498,492,26,2387,2458,3955
USAA,2022-11-18,726,607,47,4564,4642,3483
Brazil,2022-10-21,407,38,362,5830,2083,3471
India,2022-11-23,994,219,861,2101,1024,4788
Brazil,2020-07-31,161,15,22,6884,2586,2579
Indonesia,2022-09-02,909,552,276,2116,5412,3641
Norwaay,2020-05-30,576,129,484,9522,731,721
China,2022-09-01,947,394,481,5943,4041,2824
USA,2022-10-01,72,40,57,9439,4288,877
Indonesia,2020-03-02,497,369,354,10040,2139,1652
Norwaay,2021-04-24,265,220,114,2788,3087,908
Brazil,2021-11-15,73,-3,42,2205,3633,3376
Norwaay,2020-02-21,347,157,69,6855,1113,3861
Indonesia,2022-06-19,112,83,20,5792,500,3669
China,2021-07-20,85,14,49,5663,1562,1738
Norwaay,2020-07-23,58,12,37,4144,3224,4564
Brazil,2020-05-20,472,429,385,7414,3037,2904
Italyyy,2021-04-03,931,103,714,3831,3861,1589
China,2021-05-22,708,319,261,9940,1571,2478
India,2021-10-07,339,248,70,905,1653,4539
Italy,2020-09-29,797,762,250,4327,5449,3311
Italyyy,2020-11-07,871,796,410,9272,5047,4986
India,2020-07-24,951,51,432,8694,1867,3020
USA,2022-04-17,492,424,193,1695,3226,3482
Spain,2021-07-22,64,49,55,8066,4259,1600
India,2022-04-04,960,456,212,1439,1193,3504
Brazil,2022-02-18,90,72,55,8680,258,4931
China,2021-02-27,799,687,721,5259,1454,2379
Norway,2020-09-12,250,17,110,8295,3617,1780
Norway,2021-02-03,385,87,250,4842,2398,1797
Brazil,2022-01-18,650,392,382,8818,5202,4077
USAA,2021-04-03,80,5,52,3083,1634,4544
Indonesia,2021-06-10,403,73,72,6330,4289,2914
China,2020-06-27,727,156,633,9592,405,5016
USAA,2021-12-28,862,456,270,4476,4350,2212
India,2020-04-26,20,9,8,1562,2869,3307
Norway,2020-08-06,512,57,507,9212,1575,2611
Norway,2020-12-16,397,37,220,3267,3553,243
Italyyy,2022-11-16,964,880,537,4824,5209,2414
Spain,2022-11-13,779,635,219,1748,3869,5076
Brazil,2021-09-09,340,53,210,3473,4767,965
Italy,2022-05-15,692,469,620,4020,4708,1423
Malaysia,2021-07-22,745,267,619,5908,2641,820
Malaysia,2020-05-20,116,37,59,1152,3350,306
Spain,2021-09-04,733,209,496,1137,286,5222
Spain,2020-01-22,743,396,43,1973,3559,587
Italyyy,2021-02-14,138,14,86,8955,852,1004
Malaysia,2022-04-13,400,359,387,3321,5280,2284
Norway,2020-07-10,167,11,115,3723,2532,4370
Italy,2021-12-07,650,167,65,2395,2907,3721
Brazil,2021-07-26,326,97,202,8310,447,2191
Italyyy,2022-11-11,486,433,193,7757,5370,502
Norway,2022-11-10,887,829,727,9266,5287,4020
Spain,2021-02-11,466,318,268,7301,2859,479
Brazil,2022-06-27,411,81,29,9330,2193,1564
Spain,2021-08-14,424,170,185,7701,3740,5045
Malaysia,2022-09-18,333,283,111,5713,2153,4886
Malaysia,2021-07-31,447,229,217,10439,3947,483
USA,2020-06-17,482,257,39,9822,4354,3846
Italyyy,2022-11-14,892,558,330,5979,2239,1522
Norwaay,2020-12-29,187,114,158,259,4648,1269
Italyyy,2022-01-02,792,719,679,6588,1122,4210
Brazil,2020-02-08,285,212,145,3426,4105,288
Brazil,2022-08-20,591,118,236,5304,3453,612
Malaysia,2022-05-22,451,209,155,2028,1086,3704
Norway,2021-05-24,442,387,290,8382,3058,4871
Italyyy,2022-08-05,942,339,849,4144,1440,3903
Brazil,2020-12-09,830,403,579,4765,2077,1234
India,2022-10-03,869,132,675,8827,5057,2573
Norwaay,2020-04-08,235,223,150,3290,4381,2332
Norway,2022-09-14,870,636,689,9522,3794,727
Brazil,2021-12-22,873,31,725,1653,3403,4518
China,2022-12-25,435,356,197,7627,5273,2679
India,2021-04-14,33,24,22,9397,3884,4469
Norway,2022-10-05,354,274,33,1780,3381,1541
USAA,2021-09-26,739,172,18,4211,3464,2255
Norwaay,2020-06-30,198,59,185,9125,3458,330
Malaysia,2020-08-05,372,205,26,954,643,3114
India,2020-03-11,326,321,30,8018,2083,2937
Indonesia,2020-02-27,533,330,198,2462,2989,4094
India,2021-04-17,339,227,281,8218,3939,2441
Brazil,2022-02-04,31,31,21,4258,4225,689
Norway,2020-06-29,542,371,66,2909,3797,3626
USAA,2020-05-30,856,631,362,3283,5360,1789
USA,2020-12-30,266,259,134,9723,3789,887
China,2022-04-15,838,583,573,8483,755,1274
USA,2020-07-29,952,64,935,5742,1182,4814
USAA,2021-08-26,184,129,184,4093,1425,5131
Spain,2021-12-05,23,22,17,7714,156,3517
Norway,2021-07-30,290,96,89,5576,2258,3746
Spain,2022-11-07,793,132,485,4401,1381,4354
Brazil,2022-12-17,611,476,539,7889,4317,4388
Italyyy,2022-04-19,163,127,4,4563,4821,1028
China,2021-10-13,105,-2,52,5450,2954,750
Italyyy,2022-07-01,736,110,106,7568,3509,1255
Norwaay,2020-08-28,256,2,240,2069,4964,586
USAA,2021-10-06,392,28,43,2536,3601,3610
Malaysia,2022-10-14,472,194,460,2271,2936,4533
Italy,2020-06-02,764,233,84,8558,2872,637
USA,2022-01-30,202,30,46,2966,4787,3908
Brazil,2022-08-14,743,164,231,4997,2117,4292
China,2021-09-25,345,82,169,3912,1821,2624
Norway,2021-03-10,437,163,142,3133,3525,1590
USA,2020-02-20,351,307,96,7575,790,3625
Malaysia,2022-12-08,959,810,778,4021,4344,5548
India,2021-07-29,858,657,459,7569,1005,2861
India,2020-12-03,91,12,75,1731,1196,1966
Indonesia,2021-11-19,248,169,103,9873,1398,3191
USAA,2021-11-21,976,763,410,1605,1091,2637
China,2021-01-01,909,567,464,3584,5185,4342
Indonesia,2021-07-17,478,327,128,1932,4820,1121
Italy,2020-06-03,440,220,123,4508,3876,4728
Malaysia,2022-12-01,296,175,59,3190,4712,1145
USA,2021-07-24,906,353,78,4434,375,841
Norwaay,2022-04-25,133,45,113,7132,1509,4812
Brazil,2022-09-28,777,36,655,8230,3119,2771
Norwaay,2021-07-11,807,116,171,6630,4673,2817
China,2020-04-04,304,299,145,9421,3682,2523
USA,2021-09-10,452,43,200,1920,4800,2254
Norwaay,2021-03-04,771,736,575,5118,5372,582
Italyyy,2020-10-21,814,528,586,3559,1249,5558
Norway,2020-07-08,440,320,267,5386,3341,5139
Brazil,2021-12-07,497,373,469,3570,3330,2897
Norway,2020-05-22,301,84,104,5460,731,4620
Italy,2022-10-26,827,490,479,3903,1980,1151
Norwaay,2020-11-25,583,323,261,9102,4419,1539
Spain,2022-09-23,229,117,89,4386,5081,2638
Norwaay,2022-09-20,343,38,-2,4370,895,4077
Norwaay,2022-07-16,180,-5,36,3324,2182,827
Indonesia,2020-02-03,935,560,554,1432,5031,4108
China,2020-03-19,489,404,362,4892,2103,4243
USAA,2021-06-02,583,539,344,5905,4509,2782
USA,2021-01-13,387,26,299,5650,2613,1380
Norway,2020-07-14,906,828,329,7272,5083,4088
India,2022-05-27,926,501,524,6439,1495,1513
USA,2020-11-14,458,447,14,3902,4979,3656
Norway,2020-04-16,459,245,65,3620,1566,2911
Brazil,2022-05-10,763,544,593,1724,857,4593
Malaysia,2020-11-17,638,306,257,4133,2109,4230
Norwaay,2022-06-29,48,40,46,4479,394,3762
Indonesia,2020-12-01,171,68,107,7444,1978,531
USA,2020-12-27,670,124,385,4820,1389,3976
Indonesia,2021-05-25,322,-1,141,9938,1485,2125
Norwaay,2020-08-17,607,571,540,5072,2083,991
Malaysia,2022-07-14,730,303,298,7174,3400,559
Italy,2020-01-05,385,363,136,6262,644,2792
Norway,2021-03-06,274,9,102,6739,3725,280
Spain,2020-08-12,127,121,93,3928,1930,3520
USA,2020-07-20,822,486,272,6863,4780,2796
USAA,2022-04-19,852,241,402,10815,330,1348
Indonesia,2021-01-24,829,447,734,7967,486,3878
USAA,2020-09-28,970,948,487,8705,2710,4457
Norway,2020-06-19,441,125,192,927,3755,2739
Italy,2022-10-23,305,130,144,5449,1488,2056
Spain,2020-02-10,246,120,73,1956,1965,4047
Malaysia,2020-07-23,480,415,122,7703,2469,3693
USA,2020-01-24,740,466,569,7096,2124,1674
China,2021-07-10,962,341,961,2193,2574,3486
Italyyy,2021-01-04,607,387,170,2338,1123,1009
Italy,2022-07-03,454,5,220,8813,3320,2267
Malaysia,2021-05-17,481,342,347,1581,2274,1334
China,2020-01-25,766,89,279,3573,1338,5123
USA,2020-09-27,296,174,54,7909,4966,359
USAA,2021-02-16,374,254,291,2502,803,2570
Malaysia,2020-03-22,457,115,370,6220,294,4061
China,2020-07-15,724,366,474,7426,2794,3447
Norway,2021-10-15,708,611,263,1527,3483,1838
Italyyy,2022-03-28,757,211,98,10118,3105,2199
USAA,2020-06-25,214,168,94,3221,3416,2283
Italy,2020-04-08,235,30,96,1875,3049,1494
India,2022-01-09,731,79,667,9962,3238,734
Norway,2021-11-27,650,635,130,3291,2486,4916
Norwaay,2021-07-16,263,56,64,8185,2024,1356
Spain,2022-03-08,998,867,579,7153,2962,3828
Norwaay,2022-07-11,655,460,452,3736,4327,3825
Italy,2020-06-18,496,40,239,6327,1790,1099
Italyyy,2021-12-03,56,50,-1,4506,460,351
Spain,2022-02-21,12,11,-2,2801,22,4959
China,2020-12-10,127,12,96,9165,15,627
Norwaay,2022-08-13,291,252,107,4955,3746,2159
Brazil,2020-03-08,571,93,253,6381,621,2815
USAA,2022-10-20,190,130,58,1124,3534,2620
Norwaay,2022-03-21,901,837,232,9313,5230,2864
Indonesia,2021-04-13,519,152,4,6074,5072,3719
Italy,2021-12-12,30,14,24,1618,3339,1347
Malaysia,2022-09-26,636,520,310,6449,2149,3696
China,2020-02-18,722,376,75,2263,4440,2666
USA,2020-04-04,896,260,871,10834,991,4444
China,2022-01-14,655,131,377,10469,2028,539
Italyyy,2021-09-15,127,29,83,7255,4814,3488
Norway,2021-10-24,806,721,537,6708,4172,4106
Indonesia,2022-12-01,784,761,53,1399,3599,1679
Italyyy,2020-06-16,383,323,174,4269,2989,1461
USA,2022-01-31,198,4,110,6119,2324,1731
Brazil,2021-11-20,613,239,527,5740,4518,4778
China,2020-04-24,403,-5,123,9431,3911,3632
Norwaay,2020-05-05,586,254,451,4646,3477,3217
Norwaay,2021-05-15,422,264,149,5899,1615,354
Italy,2022-08-02,248,227,128,604,3372,3882
China,2020-08-18,497,269,166,9842,3532,169
Malaysia,2020-04-12,667,271,123,1310,4267,4624
Malaysia,2020-07-15,741,344,283,3855,423,4226
India,2021-03-03,289,150,147,2958,4496,2549
Spain,2022-08-27,402,360,170,6907,1951,2069
India,2022-09-10,683,458,469,2636,3464,2559
China,2022-06-28,84,38,37,4134,2314,2252
Malaysia,2022-05-01,710,534,225,2238,2845,3702
Brazil,2021-05-20,418,348,117,5581,2878,3080
Indonesia,2021-08-14,245,160,16,1653,4510,2090
Norwaay,2022-07-17,850,489,315,9638,2657,4053
India,2022-04-04,593,14,301,5651,1600,3217
India,2021-04-03,297,95,91,942,3736,1863
USAA,2021-12-05,608,182,148,9091,2035,2013
Brazil,2022-02-24,810,487,233,1789,3233,1935
India,2022-07-29,193,147,9,3674,1102,3366
USAA,2021-10-30,976,443,672,4546,3858,2486
Italy,2020-06-03,330,6,46,8355,1555,721
Spain,2022-12-26,547,430,371,8119,4173,3492
Norway,2020-06-26,965,614,712,2642,695,4103
Brazil,2022-10-14,671,552,2,9118,2670,3463
Spain,2022-10-08,0,-4,-2,7187,4128,3691
Norway,2022-05-06,76,70,14,5289,563,2413
Italyyy,2020-11-30,476,50,332,9306,4113,4200
Norwaay,2021-10-30,150,77,76,1878,4179,2468
Norwaay,2021-12-02,158,37,107,3123,2002,2086
India,2020-12-20,739,250,633,1744,3300,5525
Malaysia,2021-10-04,372,262,327,1660,5020,5067
Norway,2021-06-10,128,51,108,6295,2555,2105
USA,2021-12-05,180,46,97,10001,3082,4209
Spain,2021-09-11,541,187,383,8695,3269,1213
Norway,2021-10-08,202,11,20,8565,378,3832
USA,2020-05-27,297,63,255,9795,3343,3077
China,2021-04-30,576,7,521,1002,2394,4370
China,2021-10-24,366,259,268,7242,2642,3466
Norwaay,2021-04-30,467,50,272,1060,1008,4975
USAA,2022-10-30,234,154,163,6860,823,3311
Norway,2021-01-30,131,6,99,10107,229,2380
China,2021-08-04,790,322,120,8026,1070,2762
Norwaay,2020-08-25,989,610,258,8536,4085,4159
Malaysia,2022-12-02,578,248,577,5218,4405,1157
Italyyy,2022-01-06,180,180,64,5005,1708,1970
Italy,2020-04-14,765,575,371,8031,2594,2650
USA,2020-05-21,596,421,460,2216,2911,3757
USA,2020-05-12,328,61,131,2230,1035,1567
USA,2020-05-24,653,522,199,2627,3887,2298
USAA,2021-11-01,807,753,305,3623,4091,4234
USAA,2020-05-30,220,42,138,3761,3546,267
China,2021-08-01,289,225,60,3752,1054,253
Malaysia,2020-07-21,394,144,288,3482,3268,2292
China,2022-05-14,671,414,479,1613,4112,4218
Indonesia,2020-04-03,748,103,293,2280,3825,2537
China,2022-06-30,170,34,92,5049,689,2461
Italy,2022-05-22,747,701,281,5988,4370,3554
Norway,2022-05-22,322,226,174,2765,975,1855
Indonesia,2021-05-27,802,589,531,7330,4563,3714
Norway,2022-11-06,380,112,140,5302,1980,309
Malaysia,2020-07-08,446,7,36,1277,4143,4297
Indonesia,2021-09-30,583,59,443,5545,4706,3240
USAA,2021-07-03,411,153,396,3193,925,5034
USA,2022-10-30,460,218,285,4924,5100,1140
Spain,2021-10-19,107,42,8,2394,254,3744
Norwaay,2020-03-20,301,196,202,5316,1690,3303
Norway,2021-03-22,895,437,789,8178,1405,1533
USAA,2022-07-21,741,555,741,8012,4963,1447
Norwaay,2021-04-30,665,2,589,5271,60,4804
Italy,2021-06-30,289,24,185,6807,2772,1394
Italy,2020-06-09,867,630,59,5146,1884,3044
India,2022-06-16,430,209,341,7836,1770,5276
USA,2022-02-27,529,72,298,2080,3984,2414
Norwaay,2020-11-26,724,373,141,1390,1887,1414
Malaysia,2020-08-28,849,390,207,6907,1175,4149
Italyyy,2022-10-17,954,763,721,1440,5002,2334
USAA,2022-01-19,183,97,61,6377,4601,2131
Indonesia,2020-12-14,210,127,148,5400,4827,943
USAA,2020-06-17,948,23,538,9208,2851,2137
Norway,2021-06-27,43,10,29,2347,4067,2634
USAA,2022-05-14,252,29,75,3301,816,1185
China,2021-07-24,400,151,222,8969,672,4580
Malaysia,2020-06-27,970,441,199,10497,1465,530
Italyyy,2021-03-08,687,249,298,4024,3834,2093
USAA,2022-06-10,917,285,309,10302,2339,1225
China,2020-12-17,100,34,59,6003,3582,374
Norway,2021-10-28,58,1,57,8882,4370,558
Norway,2022-05-21,578,219,266,4424,4489,4861
Italyyy,2022-08-23,314,147,288,3562,402,702
China,2022-08-11,401,248,97,7938,1329,4823
USA,2022-11-14,145,14,106,5870,3930,4405
Italy,2022-09-25,553,236,336,6503,3131,4482
Malaysia,2022-05-14,433,77,320,6442,5042,1283
India,2020-02-10,827,620,123,4001,4609,2418
Norway,2022-08-04,972,684,947,8235,2151,4662
Norwaay,2022-10-18,288,176,89,6326,1739,2973
Malaysia,2022-12-13,44,8,1,8034,4654,1631
Norwaay,2021-02-19,647,366,260,4490,4511,2621
India,2020-02-14,757,7,383,1646,3274,3552
China,2020-10-07,804,299,103,7748,1062,131
China,2021-02-28,439,60,182,998,1400,1352
Italy,2022-12-27,569,210,279,2242,1695,2453
USAA,2021-04-24,905,306,512,9534,4924,4062
USA,2021-06-11,426,324,150,3967,1446,1549
Italy,2021-06-29,660,506,109,8150,2306,2116
Malaysia,2020-01-10,139,39,86,3936,73,2395
Indonesia,2020-10-08,530,91,482,2229,3225,3360
Spain,2020-08-10,858,766,337,3930,1794,446
Malaysia,2022-05-29,567,243,433,4398,3862,1371
Norway,2022-10-18,298,92,21,8383,3775,3663
China,2021-09-14,751,355,342,8377,2318,2065
Malaysia,2020-04-18,71,14,24,8716,4642,3517
Malaysia,2020-08-08,781,30,82,4875,2359,2919
Norwaay,2022-09-10,865,522,760,9022,3893,3552
Malaysia,2020-02-17,736,476,82,6084,978,3580
China,2020-05-22,577,271,185,5932,2297,4677
USAA,2022-04-04,14,2,2,6123,3102,2460
Spain,2020-11-30,529,142,432,8731,3783,1654
Spain,2021-08-07,937,337,577,4628,4883,5401
Norwaay,2021-10-14,249,129,107,4237,4933,965
India,2021-12-05,931,828,692,1684,1257,3955
India,2021-06-13,242,201,117,7357,226,4535
Norway,2020-09-01,984,493,750,2245,2788,4204
Brazil,2021-07-28,423,272,91,5697,1608,300
Italyyy,2021-04-29,553,214,241,762,1524,2174
USAA,2021-05-18,512,24,414,4196,4748,3440
USAA,2022-05-31,105,46,27,9454,3963,3922
Italyyy,2022-07-15,203,2,129,7258,1266,419
Norway,2020-05-11,430,391,254,584,3724,1715
Brazil,2020-03-22,931,414,106,2799,4840,1125
China,2020-08-29,999,60,555,9184,4839,907
Italyyy,2020-09-01,477,187,400,1256,3549,5331
China,2022-08-17,324,323,207,9922,3044,2952
Italy,2020-03-18,80,17,70,948,1958,2148
Spain,2022-11-12,78,60,41,5537,4804,4745
USA,2020-05-06,813,474,742,9543,4853,3267
Malaysia,2021-02-26,997,170,684,9907,2570,4069
Italy,2021-11-19,554,469,9,1297,726,4942
Indonesia,2022-10-25,567,150,56,10254,2496,994
Italyyy,2021-10-20,318,195,287,5847,1169,539
Norway,2022-01-24,754,396,109,3829,1656,2070
Norway,2022-08-01,729,354,672,9023,1767,2302
Malaysia,2021-11-17,625,498,128,1866,4685,2035
USAA,2021-10-05,420,165,205,8912,977,1831
Spain,2021-02-28,272,117,227,1477,3323,510
Italyyy,2020-11-30,860,150,454,1556,950,3855
Spain,2022-03-06,20,10,13,3359,4722,1024
Italy,2020-06-25,442,94,440,9377,366,1201
Brazil,2021-06-20,513,279,426,4789,2123,1478
China,2021-10-29,956,93,387,3836,4321,4757
USAA,2020-06-21,950,634,355,2611,3265,1499
Brazil,2021-03-16,413,260,60,6224,1733,719
Norway,2022-11-19,478,85,226,3688,2549,1250
USAA,2022-11-19,24,3,14,1538,3253,1034
USAA,2022-07-10,979,755,961,10169,3999,2136
China,2022-01-25,356,302,257,4727,2909,4525
Italy,2022-03-29,62,47,37,1678,3271,1678
Brazil,2022-11-02,569,464,295,9044,2759,1428
China,2021-04-24,934,317,50,5827,4660,2545
USAA,2020-03-11,512,511,465,6161,5452,3645
Norwaay,2020-12-08,726,238,153,2186,1754,2532
Indonesia,2021-09-06,506,111,99,4722,2736,1198
USAA,2022-07-20,785,646,630,3997,5391,2888
Brazil,2020-03-26,977,604,23,9096,4732,1680
China,2020-01-12,134,110,123,9281,4523,726
Italyyy,2020-11-13,720,301,273,10049,4872,1692
Malaysia,2021-04-13,312,184,53,7628,3176,763
Italyyy,2020-11-24,690,560,323,1124,2876,3826
China,2020-08-01,645,570,265,8758,3632,4734
Norwaay,2021-01-31,875,298,579,10428,4281,3403
Italyyy,2021-03-25,732,328,230,3774,3181,4844
Malaysia,2021-05-24,303,133,114,4420,3893,4654
Italy,2020-07-05,362,335,80,5669,1087,4691
Indonesia,2020-01-13,43,25,0,2273,1117,918
Norwaay,2022-02-11,869,510,732,5742,4184,881
Indonesia,2021-10-30,192,84,109,6708,4859,3290
Norway,2020-09-29,51,38,41,6889,1678,2617
USAA,2020-07-19,985,936,537,1294,3789,1564
Italyyy,2021-08-13,241,186,115,3703,478,4601
China,2022-04-07,768,593,218,9781,4046,4834
USA,2022-12-29,107,-4,93,9683,4989,2653
Norwaay,2020-12-23,424,362,316,7831,951,1837
Malaysia,2022-02-16,532,340,110,5664,3130,1537
USA,2022-05-17,340,132,300,8850,4517,3368
USA,2022-11-03,801,268,173,10679,5104,3839
Spain,2021-07-04,161,21,161,7561,1594,2592
Indonesia,2020-04-21,757,746,296,5890,5136,3008
Norway,2021-09-08,841,608,713,2055,5040,1769
Brazil,2020-03-06,995,823,125,4187,5365,1828
USA,2021-11-08,227,52,198,1692,2879,2544
USAA,2020-01-30,146,144,19,2330,3018,3537
India,2021-12-15,946,656,772,1410,1322,4691
Italy,2020-04-30,242,73,125,9220,4003,359
Malaysia,2021-05-01,296,170,227,2250,2250,876
India,2022-06-13,405,227,175,4074,4560,4621
India,2021-10-28,451,441,389,5683,3653,2817
USA,2022-06-09,920,429,321,6780,1259,4244
Spain,2021-09-20,427,273,243,10140,1510,2426
USAA,2022-09-21,277,9,162,9607,3820,4506
China,2021-10-10,769,389,572,2493,2288,2508
China,2021-03-25,552,385,193,9995,3722,373
USA,2020-06-27,14,9,4,1564,1808,361
Malaysia,2021-09-21,692,285,47,6503,1881,4548
Norway,2020-02-02,798,591,504,7588,3013,2708
USA,2021-05-19,865,27,0,1793,3581,4744
Indonesia,2020-09-23,885,567,870,6662,2093,2028
USAA,2022-08-18,151,42,67,1690,935,3720
Indonesia,2021-12-15,644,587,214,8926,1087,332
Norway,2022-12-07,463,255,11,9967,1672,1559
Brazil,2021-07-16,132,117,85,7424,3578,554
Malaysia,2020-05-16,256,5,118,6934,1306,766
Brazil,2021-11-09,66,3,42,8415,2763,3999
Spain,2020-06-13,187,79,107,493,1030,4849
Spain,2021-01-12,587,321,188,4990,4854,458
USAA,2021-11-07,495,54,346,3091,4776,3629
USA,2022-07-03,371,280,74,4031,1682,2064
Italyyy,2021-09-14,659,145,408,3044,2295,2574
Norwaay,2022-03-24,555,266,252,3146,3796,1654
Malaysia,2020-05-02,462,80,269,3105,1330,3259
Norwaay,2021-09-06,953,449,788,7452,4572,4245
Italy,2021-04-26,151,7,83,7060,4737,1266
China,2021-06-11,84,64,17,146,3734,3070
Italyyy,2020-12-10,288,260,126,1331,1554,5060
USAA,2021-06-01,573,382,503,4505,2876,3188
Italy,2020-09-18,743,47,618,1433,4766,1767
USAA,2020-04-28,378,44,43,6391,735,2152
India,2022-03-04,960,360,573,5303,1771,4721
Indonesia,2022-09-10,102,28,8,3613,5014,3137
China,2020-06-26,585,24,24,660,4972,1944
China,2022-04-04,321,98,161,7179,474,1273
Brazil,2022-03-03,904,519,462,2267,3329,4889
Italyyy,2020-10-28,929,545,928,6489,3687,2889
USA,2021-06-26,507,351,170,7856,2193,2995
Indonesia,2021-06-29,715,454,231,6625,1036,3092
Brazil,2022-09-29,201,60,74,9241,3397,4302
Indonesia,2020-08-17,978,339,229,3941,1104,674
China,2021-01-02,248,43,153,7410,1013,3320
Italy,2020-06-08,344,66,148,3833,773,3706
Malaysia,2020-08-15,413,124,12,10116,3284,4559
India,2021-02-01,110,-2,94,8661,52,2414
Norway,2020-11-02,866,584,175,3219,695,4162
Norway,2020-09-26,541,325,8,9361,4128,1826
USA,2022-07-24,785,405,546,6490,1537,5025
USAA,2020-08-25,422,168,344,3679,534,3960
Norway,2022-10-15,188,25,67,802,1816,415
USAA,2020-04-27,329,109,118,6301,671,2063
Italy,2020-10-02,332,-1,149,962,599,3480
Indonesia,2022-09-02,243,129,226,1934,2933,2598
USA,2022-02-06,848,598,693,10734,1346,4517
Italyyy,2021-12-21,453,426,393,9426,3173,2619
Spain,2022-05-25,115,14,77,1766,3759,4874
USA,2022-06-19,155,50,154,6275,3060,534
Norwaay,2021-11-28,502,208,254,4297,2420,5198
USAA,2022-11-24,305,301,221,1519,1297,4785
China,2022-05-26,421,73,93,10147,2368,3995
Norway,2022-09-25,993,549,285,9846,549,2146
China,2022-09-13,21,11,0,6377,1866,1572
India,2022-08-28,158,34,13,711,4354,634
Norway,2021-05-17,300,236,179,799,4839,3111
Norway,2022-09-01,145,124,36,7846,1117,1984
USA,2021-05-06,800,361,361,9353,4952,4937
India,2020-08-22,877,306,230,6544,4237,4054
Italyyy,2021-11-14,393,154,263,10136,4998,3298
Malaysia,2020-04-16,464,317,384,6667,4878,5149
Norway,2021-12-29,476,470,451,4515,5328,1579
Italy,2021-11-17,184,59,1,2374,4662,4007
USA,2022-09-07,984,939,171,8398,3194,1912
Italy,2021-04-15,625,116,167,9117,2049,758
Spain,2021-03-02,83,58,35,3392,505,3439
Italy,2022-07-07,476,83,208,5113,4099,2289
Malaysia,2020-03-28,677,427,255,5418,3956,3964
Italyyy,2021-06-30,567,243,61,3100,1912,4538
Malaysia,2022-02-27,300,74,225,4019,4950,4615
Norwaay,2020-04-25,577,329,371,4004,1047,4105
Indonesia,2021-04-27,150,59,43,3872,2378,3827
Norwaay,2021-12-18,680,538,231,5324,777,3472
Malaysia,2021-12-03,675,598,490,9434,2742,4665
China,2020-02-28,467,299,10,5007,3870,3520
Norwaay,2020-03-29,446,123,131,3274,3851,758
Spain,2021-07-26,343,114,110,8525,3329,1684
Brazil,2021-03-21,831,630,657,8387,1255,3439
Spain,2020-04-29,467,170,427,8699,1740,2140
Norway,2022-09-28,834,93,253,9182,719,5053
Italy,2020-05-20,867,834,780,8682,3910,5081
USA,2022-08-13,602,557,265,7372,4352,1388
Indonesia,2022-07-11,339,126,259,7870,5072,552
Italyyy,2022-02-26,818,767,389,6949,1407,3129
China,2021-08-20,403,54,391,6086,3771,3511
Italy,2021-12-19,874,496,633,10125,4929,4085
Norwaay,2022-06-20,644,486,521,7237,5229,2117
Norwaay,2022-05-11,156,140,101,3432,3054,2043
Norway,2020-03-04,538,52,44,920,372,1401
Italyyy,2021-11-29,185,175,133,9565,937,2628
Spain,2022-06-07,502,384,248,5728,562,310
India,2022-10-09,552,481,423,9572,3029,5394
Spain,2020-10-19,394,231,388,2084,370,2454
India,2021-05-14,718,403,168,877,4539,3561
USA,2022-07-28,325,129,214,5461,4132,573
Brazil,2022-01-08,400,373,366,10067,4836,1431
Malaysia,2022-02-17,183,114,93,979,4878,363
USA,2020-08-22,31,15,13,8756,3904,130
USA,2020-04-06,676,224,278,1968,3157,4468
Indonesia,2021-11-30,661,558,282,7904,4266,1746
USA,2020-06-09,522,253,94,8421,769,1463
Spain,2021-06-17,554,408,123,6736,3243,3350
Norwaay,2020-05-11,955,715,488,6284,5496,4495
USA,2022-02-22,466,283,256,7601,4069,717
USA,2022-09-30,278,53,96,8367,2700,1049
Norway,2020-09-25,251,151,182,9721,3217,887
Malaysia,2020-03-01,723,243,198,4598,1579,1034
Spain,2021-01-19,855,276,799,10423,3620,2990
Spain,2021-11-11,37,11,6,2869,1499,1164
Norwaay,2021-11-13,731,280,64,2085,3707,1673
Indonesia,2022-03-25,6,-4,-1,598,4002,2892
USA,2022-03-23,364,50,330,1357,4293,5247
India,2022-08-05,220,182,108,4146,1654,4454
Italyyy,2020-09-03,798,115,298,7926,3596,2698
Indonesia,2021-07-19,600,368,87,2224,2625,4549
Brazil,2021-08-02,90,85,64,9612,2335,514
Italy,2021-03-15,793,182,607,2008,1990,4219
China,2021-08-24,992,285,688,7474,4921,1011
Norway,2021-09-27,257,72,65,7124,2217,2820
Brazil,2021-06-09,247,37,65,932,3307,1846
Malaysia,2022-11-20,119,98,29,2861,1623,1622
India,2022-07-17,954,510,235,9857,1176,2851
China,2020-03-22,272,168,60,6733,4929,3616
Brazil,2022-09-07,915,126,893,8638,3787,3541
USA,2022-10-02,639,180,154,1011,4274,3639
USA,2021-06-03,645,619,611,6489,4830,4474
Malaysia,2020-04-12,385,216,237,6404,5195,2530
Norway,2021-05-27,255,216,147,9070,3529,1808
Norwaay,2020-05-26,796,406,275,6956,1909,331
USA,2022-05-16,322,37,104,1846,1007,4751
Norway,2022-11-19,510,77,149,8888,2115,4708
USAA,2021-08-23,383,139,305,743,4968,3765
Malaysia,2021-03-17,379,84,173,8224,1266,1950
Norwaay,2021-01-26,304,60,290,1868,4339,640
Italy,2022-10-16,916,623,663,6217,2467,4577
Italy,2022-07-25,674,567,200,8994,638,2537
Norway,2020-08-21,968,130,40,6398,1549,3407
Malaysia,2021-06-01,706,673,490,5358,5197,5247
Brazil,2020-05-06,620,219,466,9811,2865,4076
USA,2022-06-24,998,127,61,8676,1824,4485
Malaysia,2022-10-27,623,63,224,3093,2876,3566
Italyyy,2020-08-07,868,511,610,3823,5463,4474
Malaysia,2021-06-27,822,291,572,10535,5204,681
USAA,2021-04-26,439,192,286,8210,1160,339
Italy,2022-10-16,279,216,12,7884,1459,3412
Norwaay,2022-12-21,494,362,138,2766,873,2298
Brazil,2022-10-25,262,100,257,1374,1911,3680
USA,2021-08-31,137,50,92,6808,2254,3980
Norwaay,2020-07-19,429,256,302,5890,1005,5014
USAA,2022-07-13,361,56,347,5676,2537,1578
Spain,2020-05-11,331,294,49,9562,3048,92
Brazil,2021-04-25,454,383,162,468,3905,1240
Spain,2022-05-18,371,348,296,1518,1461,2922
Italyyy,2021-08-08,108,77,28,9123,3762,3688
Norway,2022-09-26,27,1,21,6389,1795,1011
Norway,2021-05-25,288,-1,241,3527,4320,5235
Malaysia,2020-07-17,871,2,186,9458,274,2303
Spain,2022-11-06,904,123,186,5108,2182,4025
Indonesia,2022-12-27,825,202,361,7075,4213,5041
Malaysia,2022-11-30,816,532,294,4211,3165,618
Norwaay,2022-03-28,903,381,632,8968,5104,2702
Norwaay,2020-05-25,432,210,328,540,635,5175
Brazil,2022-09-30,854,713,98,8509,3288,220
Indonesia,2022-11-07,765,703,453,7888,2583,1227
Italy,2021-10-19,19,-5,15,9579,3975,2091
Norway,2022-02-28,922,890,578,957,2087,1703
Indonesia,2021-07-16,862,487,380,4123,5068,2313
Indonesia,2020-01-29,207,32,193,4624,1000,2031
Spain,2021-07-17,342,135,267,1333,3624,3352
Italy,2021-04-24,936,693,743,8636,2259,5015
Brazil,2020-10-07,222,18,160,8291,914,814
USA,2020-11-28,448,401,176,3020,2212,1895
Italyyy,2021-06-14,517,53,443,4480,1358,4006
Italy,2022-01-25,414,345,372,8334,1568,3601
USAA,2020-10-25,941,615,661,5422,1346,4949
India,2020-12-17,701,361,443,3688,3463,3631
USA,2020-08-01,514,207,274,1967,5196,335
USA,2020-08-28,941,126,132,2937,4797,1301
Malaysia,2020-04-29,475,304,145,8280,5060,4979
Indonesia,2021-04-04,870,303,866,9286,3470,2967
USA,2020-06-06,900,570,777,940,3754,2187
Norwaay,2022-02-27,593,418,35,9145,3275,556
Norwaay,2022-04-18,607,8,430,2257,3424,1143
Italy,2022-03-28,27,9,20,1980,4357,2696
Norwaay,2020-02-28,540,318,370,2935,4876,2503
China,2022-10-25,732,427,658,6498,648,2727
Brazil,2021-06-07,247,84,29,5856,3662,3264
Indonesia,2022-08-18,656,371,194,5428,558,2442
Spain,2020-07-22,793,546,552,8059,5281,4168
Norway,2022-07-16,794,478,596,7547,1786,3016
USA,2021-08-08,668,216,235,2172,4062,852
Brazil,2020-08-27,679,43,628,8920,1469,1478
Brazil,2020-09-09,707,492,497,5971,1603,4317
Norwaay,2020-10-07,116,77,63,8595,1552,3210
India,2022-12-12,763,19,711,4658,519,3535
Indonesia,2022-08-28,562,144,281,2909,4607,2949
USA,2020-09-14,304,181,250,1106,796,904
Malaysia,2021-11-10,2,-4,0,1702,4852,280
Italy,2020-03-08,285,263,252,4025,2050,2666
China,2021-09-30,807,499,732,3318,1868,2993
Norwaay,2021-07-19,470,126,234,2034,2385,1148
Norwaay,2022-11-16,380,291,115,8886,2596,3898
Norway,2021-01-03,255,21,238,10158,1777,1096
China,2021-11-21,73,37,40,4576,4973,4151
USA,2022-08-06,297,257,220,9395,857,1991
India,2021-03-18,319,279,21,773,4198,2445
Brazil,2021-11-28,482,243,190,7785,4836,1597
Brazil,2020-12-29,345,336,169,7702,3756,375
Italy,2022-04-09,412,363,11,1000,2261,1240
Spain,2021-01-06,167,68,92,2726,2196,3553
India,2021-04-25,934,695,79,2964,4481,403
Norway,2021-12-29,137,111,11,2646,3213,2946
Brazil,2020-10-28,960,556,281,9403,4969,5167
Malaysia,2021-07-25,119,49,16,6160,3873,3943
India,2022-11-19,984,77,662,2659,4506,3117
USAA,2022-06-05,164,-2,2,6065,516,2293
China,2021-11-15,73,36,42,8821,4772,604
USAA,2021-12-18,849,237,769,7786,4005,1994
Spain,2021-03-13,265,57,106,459,4631,811
Spain,2021-08-16,90,82,8,9549,3651,1700
Norway,2022-02-20,692,334,384,4930,4511,2914
USA,2022-03-30,730,313,723,5444,3062,1770
China,2021-10-12,316,120,81,3622,4274,3011
Italy,2020-09-08,504,317,441,2694,5163,3544
USA,2020-11-06,505,43,328,6566,3932,3874
USAA,2022-07-28,911,872,81,4813,4789,4456
India,2020-08-02,391,380,69,4036,2878,3168
Indonesia,2021-01-23,847,767,402,6766,4512,2759
Norwaay,2020-03-22,939,386,684,5308,1771,1903
Norwaay,2022-09-23,346,79,341,8786,990,4353
Norway,2022-01-16,493,272,190,1999,2919,5186
Norwaay,2021-07-30,89,56,89,1983,4333,789
USAA,2022-05-11,658,505,338,6314,905,1054
Spain,2020-06-08,252,92,33,9239,1206,4467
Indonesia,2022-03-12,898,144,846,6735,2641,1148
USAA,2020-07-12,19,11,6,5149,3450,762
USAA,2021-03-18,383,370,116,2152,1433,4352
Norwaay,2020-05-10,321,263,181,2174,994,872
USA,2020-09-06,404,189,326,7436,4607,3740
Norwaay,2021-02-27,110,52,12,9460,3849,2680
India,2021-11-28,761,629,595,1423,684,4304
Italyyy,2022-03-08,831,504,482,3617,1389,3998
Spain,2020-08-16,57,46,32,700,4025,3877
Italyyy,2021-11-10,147,51,111,4351,5014,4107
Spain,2020-05-22,565,53,326,4231,1400,980
Brazil,2020-12-10,307,113,113,7430,947,3933
Norwaay,2021-12-01,409,380,174,2438,1579,4084
Italy,2021-06-27,94,17,21,2923,1152,4631
USAA,2020-02-11,123,70,82,6337,2336,2212
USAA,2021-10-06,460,457,427,3094,2940,3978
Spain,2020-03-23,235,84,226,4362,1410,4523
Brazil,2021-09-07,173,95,57,3457,2436,4899
India,2022-02-18,586,378,43,9708,641,4915
Italyyy,2021-08-03,128,21,120,7987,2994,4886
USAA,2021-01-01,374,140,133,6420,3405,2381
China,2021-08-22,314,56,18,642,1487,1279
Brazil,2020-05-06,871,335,458,5750,2143,3542
India,2021-08-05,400,11,350,10236,217,1399
Spain,2020-12-14,438,39,67,10101,3679,1488
Norwaay,2020-02-13,269,11,134,6086,3449,248
India,2021-05-10,835,709,835,6467,3743,3296
India,2020-06-02,249,78,65,8658,3324,4907
Spain,2022-10-06,268,117,266,3480,1672,4682
Norway,2021-06-04,532,220,481,689,660,2188
Norway,2020-08-14,54,0,40,4037,2157,1554
India,2020-08-01,375,237,197,3156,4541,3225
Italyyy,2020-02-29,856,848,738,7393,2340,1710
USA,2021-03-21,47,35,45,2749,1783,2450
China,2022-01-03,126,124,110,1918,2013,4679
Brazil,2022-12-17,447,123,134,3971,3047,2008
Spain,2020-08-03,248,93,207,2048,4773,906
China,2021-12-29,993,455,571,9642,3732,1925
USAA,2021-11-27,741,249,380,10546,3637,1570
USA,2022-08-13,805,109,214,1072,4018,3784
Brazil,2020-01-09,668,665,511,716,1512,4357
USAA,2020-05-03,778,6,67,7797,4637,3067
China,2020-01-30,3,1,-2,3498,2065,437
USAA,2021-02-01,984,341,267,8565,2638,4052
India,2020-12-01,709,427,31,9216,3274,3385
Spain,2020-08-20,32,15,14,9446,3759,4719
Italy,2022-05-02,734,128,371,1566,1586,4371
Italyyy,2022-08-03,264,5,220,4630,4480,2371
Malaysia,2022-03-30,93,61,52,5738,4179,2343
Norway,2021-10-19,509,503,420,6313,2557,1712
USA,2020-06-21,338,0,37,2014,664,3400
USA,2021-03-23,986,422,250,6475,2791,1035
USA,2021-01-04,820,418,741,10202,1426,3762
Norwaay,2021-04-12,196,167,168,2340,643,3277
Indonesia,2020-07-08,694,256,176,7084,1697,1264
Norway,2020-03-15,384,215,89,4399,2838,3232
Indonesia,2021-01-05,981,720,270,1486,1708,2715
Spain,2021-10-14,537,164,440,2490,1781,4835
India,2022-09-19,949,240,192,8577,3656,4659
Norwaay,2022-08-25,869,404,530,4781,990,2360
China,2021-12-11,419,144,211,4819,1262,3410
Malaysia,2020-04-07,318,264,281,8138,382,547
USA,2020-06-21,288,180,202,5928,750,4437
Brazil,2022-02-15,49,22,36,5338,4533,2833
USAA,2022-07-16,522,72,375,4527,4289,3291
Malaysia,2022-04-12,900,31,819,3890,2404,2080
USAA,2020-01-26,159,95,56,10073,3763,4730
USAA,2022-09-08,584,53,519,7532,1472,1731
Brazil,2022-03-11,319,36,169,8050,3070,2304
